crs,lat,lng,name
AAP,51.598225,-0.120129,Alexandra Palace
AAT,57.609921,-4.914243,Achanalt
ABA,51.715019,-3.44313,Aberdare
ABC,58.388439,-3.705279,Altnabreac
ABD,57.143127,-2.097464,Aberdeen
ABE,51.575363,-3.23089,Aber
ABH,52.898567,-4.37423,Abererch
ABW,51.490719,0.120343,Abbey Wood
ABY,53.471761,-2.194991,Ashburys
ACB,53.265961,-2.602689,Acton Bridge
ACC,51.508717,-0.263601,Acton Central
ACG,52.449291,-1.81898,Acocks Green
ACH,57.482697,-5.333001,Achnashellach
ACK,55.307129,-1.651816,Acklington
ACL,52.634647,1.543981,Acle
ACN,57.579205,-5.072421,Achnasheen
ACR,53.753193,-2.370016,Accrington
ACT,51.406185,-0.675827,Ascot
ACY,51.64262,-3.329549,Abercynon
ADC,53.319542,-2.133571,Adlington (Cheshire)
ADD,52.483505,-1.854184,Adderley Park
ADK,53.47134,-2.213893,Ardwick
ADL,53.612926,-2.603084,Adlington (Lancashire)
ADM,51.241352,1.199277,Adisham
ADN,55.639313,-4.812212,Ardrossan Town
ADR,55.864029,-3.982952,Airdrie
ADS,55.640854,-4.823461,Ardrossan Harbour
ADV,51.212048,-1.493167,Andover
ADW,55.843449,-3.60655,Addiewell
AFK,51.14335294,0.875167251,Ashford International
AFS,51.436047,-0.469229,Ashford Surrey
AFV,53.741558,-2.993077,Ansdell & Fairhaven
AGL,53.294758,-3.581343,Abergele & Pensarn
AGS,55.855938,-4.244574,Argyle Street
AGT,50.836601,-0.182151,Aldrington
AGV,51.81665,-3.009679,Abergavenny
AHD,51.317822,-0.308126,Ashtead
AHN,53.491264,-2.093415,Ashton-Under-Lyne
AHS,51.128601,0.152298,Ashurst Kent
AHT,51.246151,-0.760657,Aldershot
AHV,51.272709,-0.721247,Ash Vale
AIG,53.364614,-2.927041,Aigburth
AIN,53.473995,-2.956687,Aintree
AIR,55.782504,-3.994447,Airbles
ALB,52.637917,-2.268913,Albrighton
ALD,53.303762,-2.236812,Alderley Edge
ALF,53.100414,-1.369689,Alfreton
ALK,52.951351,-0.898541,Aslockton
ALM,55.392456,-1.636858,Alnmouth
ALN,51.647526,0.753603,Althorne
ALO,56.1179,-3.7872,Alloa
ALP,53.585262,-0.732558,Althorpe
ALR,51.853828,0.997114,Alresford
ALT,53.3874,-2.347212,Altrincham
ALV,52.346607,-1.967854,Alvechurch
ALW,54.524128,-1.363418,Allens West
ALX,55.98513,-4.577534,Alexandria
AMB,53.060501,-1.4807,Ambergate
AMF,51.795933,-3.996783,Ammanford
AML,51.516865,-0.26762,Acton Main Line
AMR,51.67439,-0.60613,Amersham
AMT,51.402047,-1.136972,Aldermaston
AMY,50.896507,-0.542446,Amberley
ANC,52.987888,-0.535596,Ancaster
AND,55.859924,-4.271969,Anderston
ANF,50.888865,-1.525097,Ashurst New Forest
ANG,50.816704,-0.489559,Angmering
ANL,55.889553,-4.321684,Anniesland
ANN,54.98386,-3.262603,Annan
ANS,53.601818,-3.042691,Ainsdale
ANZ,51.41163,-0.064348,Anerley
AON,51.151947,-0.967658,Alton
APB,53.579029,-2.718906,Appley Bridge
APD,51.032623,0.816826,Appledore (Kent)
APF,51.639562,-1.242375,Appleford
APG,52.020725,-0.631519,Aspley Guise
APP,54.58032,-2.486692,Appleby
APS,51.732712,-0.463568,Apsley
APY,53.84138,-1.703065,Apperley Bridge
ARB,56.559628,-2.588928,Arbroath
ARD,57.881119,-4.362604,Ardgay
ARG,56.912617,-5.839141,Arisaig
ARL,52.025938,-0.266178,Arlesey
ARM,55.88639,-3.68504,Armadale
ARN,54.202114,-2.827783,Arnside
ARR,53.884567,-0.426833,Arram
ART,56.204021,-4.722822,Arrochar & Tarbet
ARU,50.848003,-0.546796,Arundel
ASB,55.640495,-4.799593,Ardrossan South Beach
ASC,51.997158,-2.10921,Ashchurch for Tewkesbury
ASD,51.4788,-2.5767,Ashley Down
ASF,55.889214,-4.2433,Ashfield
ASG,53.093054,-2.29861,Alsager
ASH,51.249222,-0.711856,Ash
ASK,54.189049,-3.204545,Askam
ASL,55.182,-1.573,Ashington
ASN,51.372414,-0.48571,Addlestone
ASP,54.759338,-3.331752,Aspatria
ASS,57.694477,-4.249743,Alness
AST,52.505104,-1.871788,Aston
ASY,53.355984,-2.341029,Ashley
ATB,52.906322,-1.231262,Attenborough
ATH,52.578949,-1.552808,Atherstone
ATL,52.514214,1.022719,Attleborough
ATN,53.528817,-2.478683,Atherton
ATT,57.394871,-5.456549,Attadale
AUD,52.004398,0.20719,Audley End
AUG,53.55447,-2.895095,Aughton Park
AUI,56.302025,-4.721712,Ardlui
AUK,55.47031,-4.295389,Auchinleck
AUR,56.054646,-3.300575,Aberdour
AUW,51.867376,-1.564136,Ascott-Under-Wychwood
AVF,51.339596,-2.281342,Avoncliff
AVM,57.18914,-3.828348,Aviemore
AVN,51.500194,-2.699332,Avonmouth
AVP,51.8327,-0.8623,Aylesbury Vale Parkway
AVY,52.543934,-4.057118,Aberdovey
AWK,53.572994,-1.181465,Adwick
AWM,52.030586,-0.10934,Ashwell & Morden
AWT,54.809611,-2.77209,Armathwaite
AXM,50.778976,-3.005613,Axminster
AXP,55.863724,-4.211465,Alexandra Parade
AYH,51.227185,1.209682,Aylesham
AYL,51.301384,0.465964,Aylesford
AYP,51.435745,0.126427,Albany Park
AYR,55.458248,-4.626878,Ayr
AYS,51.813868,-0.815048,Aylesbury
AYW,52.414017,-4.081946,Aberystwyth
BAA,50.831135,-0.639627,Barnham
BAB,51.05624,-0.137881,Balcombe
BAC,53.209312,-2.892386,Bache
BAD,51.329922,-0.214384,Banstead
BAG,51.364964,-0.688501,Bagshot
BAH,53.437357,-2.987509,Bank Hall
BAI,55.866653,-4.04221,Blairhill
BAJ,51.61549,-3.811182,Baglan
BAK,51.477272,-0.148151,Battersea Park
BAL,51.443169,-0.152403,Balham
BAM,53.338985,-1.689078,Bamford
BAN,52.060925,-1.327541,Banbury
BAR,54.074473,-2.835331,Bare Lane
BAS,50.485535,-4.200418,Bere Alston
BAT,50.91312,0.495169,Battle
BAU,53.688824,-0.443233,Barton-On-Humber
BAV,53.697128,-0.391427,Barrow Haven
BAW,51.33176,-0.777023,Blackwater
BAY,51.758808,-0.096074,Bayford
BBG,55.903927,-4.224958,Bishopbriggs
BBK,52.623695,-2.186101,Bilbrook
BBL,51.289703,0.194258,Bat & Ball
BBN,53.746513,-2.479135,Blackburn
BBS,52.471844,-1.877771,Bordesley
BBW,53.622368,-1.797371,Berry Brow
BCB,53.60519,-2.841758,Burscough Bridge
BCC,52.458481,1.569547,Beccles
BCE,51.413319,-0.751833,Bracknell
BCF,51.611141,-0.643644,Beaconsfield
BCG,51.521687,-3.203502,Birchgrove
BCH,51.377956,1.300781,Birchington-On-Sea
BCJ,53.598011,-2.840105,Burscough Junction
BCK,53.163021,-3.055948,Buckley
BCN,55.940647,-4.803598,Branchton
BCS,51.903401,-1.150517,Bicester North
BCU,50.816708,-1.574112,Brockenhurst
BCV,51.592918,-0.06982,Bruce Grove
BCY,51.464684,-0.037797,Brockley
BCZ,51.5687,-0.2269,Brent Cross West
BDA,52.619747,1.439316,Brundall
BDB,53.440968,-2.01653,Broadbottom
BDG,55.849968,-4.226668,Bridgeton
BDH,50.853638,-0.996989,Bedhampton
BDI,53.791196,-1.749701,Bradford Interchange
BDK,51.993156,-0.188106,Baldock
BDL,53.633514,-3.014742,Birkdale
BDM,52.136175,-0.47945,Bedford
BDN,50.678509,-1.13801,Brading
BDQ,53.79575,-1.752505,Bradford Forster Square
BDS,51.514,-0.15,Bond Street
BDT,54.084545,-0.200659,Bridlington
BDW,51.379715,-1.599077,Bedwyn
BDY,53.422939,-2.109823,Bredbury
BEA,56.157429,-3.956166,Bridge of Allan
BEB,53.357651,-3.003659,Bebington
BEC,51.424767,-0.016497,Beckenham Hill
BEE,52.920551,-1.207211,Beeston
BEF,51.543964,0.561273,Benfleet
BEG,51.204651,0.403518,Beltring
BEH,52.479133,-1.46749,Bedworth
BEJ,55.140419,-1.56863,Bedlington
BEL,57.478,-4.4698,Beauly
BEM,54.128296,-0.180389,Bempton
BEN,54.115791,-2.510918,Bentham
BEP,52.5029,-1.4726,Bermuda Park
BER,52.244252,-1.750259,Bearley
BES,53.623531,-2.914703,Bescar Lane
BET,51.524406,-0.059747,Bethnal Green
BEU,50.854206,-1.505586,Beaulieu Road
BEV,53.842281,-0.423855,Beverley
BEX,50.840679,0.475678,Bexhill
BEY,53.926167,-1.797429,Ben Rhydding
BFD,51.487804,-0.309048,Brentford
BFE,50.450798,-4.181901,Bere Ferrers
BFF,52.996284,-3.944449,Blaenau Ffestiniog
BFN,51.349869,-0.480714,Byfleet & New Haw
BFR,51.510735,-0.103554,London Blackfriars
BGA,52.623035,1.418896,Brundall Gardens
BGD,51.692268,-3.229717,Bargoed
BGE,53.40654,-2.893267,Broad Green
BGG,53.549137,-0.486094,Brigg
BGH,53.698734,-1.781855,Brighouse
BGI,55.851776,-4.071789,Bargeddie
BGL,50.399979,-4.791736,Bugle
BGM,51.433826,-0.020421,Bellingham
BGN,51.506481,-3.576296,Bridgend
BGS,55.937267,-4.713676,Bogston
BGV,51.519108,0.114764,Barking Riverside
BHC,56.002983,-4.583539,Balloch Central
BHD,51.710266,-3.228765,Brithdir
BHG,55.898678,-3.644019,Bathgate
BHI,52.450673,-1.725149,Birmingham International
BHK,51.642365,-0.06916,Bush Hill Park
BHM,52.478153,-1.898375,Birmingham New Street
BHO,51.586143,-0.04123,Blackhorse Road
BHR,52.169289,-3.427068,Builth Road
BHS,53.597149,-1.770299,Brockholes
BIA,54.657482,-1.677545,Bishop Auckland
BIC,51.628834,0.418656,Billericay
BID,53.40913,-3.078589,Bidston
BIF,54.118879,-3.22614,Barrow-In-Furness
BIG,51.014938,-0.450348,Billingshurst
BIK,51.403847,-0.056218,Birkbeck
BIL,54.606327,-1.278525,Billingham
BIN,52.954536,-0.952044,Bingham
BIO,55.844761,-4.11454,Baillieston
BIP,50.78,0.0824,Bishopstone (Sussex)
BIS,51.866692,0.16557,Bishops Stortford
BIT,51.893429,-1.148393,Bicester Village
BIW,52.085068,-0.260294,Biggleswade
BIY,53.84803,-1.837327,Bingley
BKA,51.288334,-0.385224,Bookham
BKC,53.388244,-3.020897,Birkenhead Central
BKD,52.406147,-2.176365,Blakedown
BKG,51.539982,0.080804,Barking
BKH,51.465706,0.008317,Blackheath
BKJ,51.411446,-0.027144,Beckenham Junction
BKL,51.40033,0.044272,Bickley
BKM,51.763638,-0.562498,Berkhamsted
BKN,53.404819,-3.057425,Birkenhead North
BKO,51.303215,-0.635753,Brookwood
BKP,53.397417,-3.03927,Birkenhead Park
BKQ,53.39469,-3.01365,Birkenhead Hamilton Square
BKR,55.88368,-3.75047,Blackridge
BKS,51.261051,1.136125,Bekesbourne
BKT,52.605054,-1.844888,Blake Street
BKW,52.395851,-1.642845,Berkswell
BLA,56.765614,-3.85025,Blair Atholl
BLB,51.624805,0.565826,Battlesbridge
BLD,53.849682,-1.753717,Baildon
BLE,53.803532,-1.630985,Bramley (West Yorkshire)
BLG,55.857182,-4.22547,Bellgrove
BLH,55.816605,-4.025222,Bellshill
BLI,55.125,-1.5571,Blyth Bebside
BLK,53.591522,-2.56954,Blackrod
BLL,54.974636,-2.349922,Bardon Mill
BLM,51.344086,-0.199471,Belmont
BLN,53.487675,-3.039889,Blundellsands & Crosby
BLO,54.965813,-1.712578,Blaydon
BLP,53.024555,-1.482622,Belper
BLT,55.7976,-4.086466,Blantyre
BLV,53.462181,-2.180809,Belle Vue
BLW,52.999625,-1.196115,Bulwell
BLX,52.61853,-2.011783,Bloxwich
BLY,51.995339,-0.736368,Bletchley
BMB,53.726772,-2.660793,Bamber Bridge
BMC,53.613743,-2.409614,Bromley Cross
BMD,51.655224,-0.031022,Brimsdown
BME,52.422745,-2.88524,Broome
BMF,53.740131,-0.673328,Broomfleet
BMG,51.284904,0.479428,Barming
BMH,50.727478,-1.863955,Bournemouth
BML,53.359959,-2.162249,Bramhall
BMN,51.408894,0.017325,Bromley North
BMO,52.479053,-1.892483,Birmingham Moor Street
BMP,54.932655,-2.703814,Brampton (Cumbria)
BMR,53.329899,-2.989644,Bromborough Rake
BMS,51.399887,0.018374,Bromley South
BMT,51.440037,-2.594184,Bedminster
BMV,52.322662,-2.048379,Bromsgrove
BMY,51.32988,-1.061265,Bramley (Hants)
BNA,53.421205,-2.215896,Burnage
BNC,53.793776,-2.244644,Burnley Central
BND,52.454479,0.624116,Brandon
BNE,51.576538,-0.711287,Bourne End
BNF,51.637852,-3.8193,Briton Ferry
BNG,53.222902,-4.135505,Bangor (Gwynedd)
BNH,51.464798,0.160885,Barnehurst
BNI,51.471676,-0.252051,Barnes Bridge
BNL,55.877895,-4.223463,Barnhill
BNM,51.523538,-0.647335,Burnham
BNP,51.073532,-4.064032,Barnstaple
BNR,54.958672,-1.462749,Brockley Whins
BNS,51.467014,-0.240711,Barnes
BNT,53.431881,-2.134097,Brinnington
BNV,56.84338,-5.095477,Banavie
BNW,53.453357,-2.994676,Bootle New Strand
BNY,53.553978,-1.477688,Barnsley
BOA,51.345058,-2.252669,Bradford-On-Avon
BOC,54.290249,-3.394818,Bootle (Cumbria)
BOD,50.445822,-4.663026,Bodmin Parkway
BOE,50.916748,-1.258809,Botley
BOG,50.786594,-0.676384,Bognor Regis
BOH,50.843262,-0.846655,Bosham
BOM,53.322146,-2.987058,Bromborough
BON,53.573983,-2.425661,Bolton
BOP,51.607216,-0.119761,Bowes Park
BOR,53.204292,-4.418067,Bodorgan
BOT,53.446559,-2.995791,Bootle Oriel Road
BOW,52.439914,-4.03036,Bow Street
BPA,51.7574,0.5187,Beaulieu Park
BPB,53.788154,-3.053856,Blackpool Pleasure Beach
BPK,51.720955,-0.204811,Brookmans Park
BPN,53.822772,-3.049908,Blackpool North
BPS,53.798611,-3.049081,Blackpool South
BPT,55.902206,-4.501637,Bishopton
BPW,51.514061,-2.53461,Bristol Parkway
BRA,58.012657,-3.853251,Brora
BRC,55.827351,-3.668147,Breich
BRE,51.61322,0.30083,Brentwood
BRF,53.824535,-2.236959,Brierfield
BRG,51.29295,0.306296,Borough Green & Wrotham
BRH,52.491001,-4.050236,Borth
BRI,51.449093,-2.581349,Bristol Temple Meads
BRK,50.840569,0.164587,Berwick (Sussex)
BRL,55.097031,-4.781834,Barrhill
BRM,52.72287,-4.056641,Barmouth
BRN,55.917202,-4.332945,Bearsden
BRO,56.515926,-4.763048,Bridge of Orchy
BRP,52.395397,1.543871,Brampton (Suffolk)
BRR,55.804535,-4.396411,Barrhead
BRS,51.39838,-0.282157,Berrylands
BRT,52.942856,-2.168118,Barlaston
BRU,51.111584,-2.447103,Bruton
BRV,52.426937,-1.926434,Bournville
BRW,53.382153,-2.975665,Brunswick
BRX,51.463245,-0.114164,Brixton
BRY,51.396729,-3.285023,Barry
BSB,53.041649,-0.942469,Bleasby
BSC,52.562702,-1.991116,Bescot Stadium
BSD,51.275589,0.57786,Bearsted
BSE,52.253727,0.713355,Bury St Edmunds
BSH,51.644669,-0.384806,Bushey
BSI,56.475548,-2.83764,Balmossie
BSJ,52.129299,-0.467348,Bedford St Johns
BSK,51.26804,-1.086896,Basingstoke
BSL,56.899624,-5.763864,Beasdale
BSM,50.727528,-1.919211,Branksome
BSN,52.978802,-0.030949,Boston
BSO,51.568672,0.457309,Basildon
BSP,51.540896,-0.209955,Brondesbury Park
BSR,51.360653,1.43317,Broadstairs
BSS,55.5611,-4.651181,Barassie
BSU,55.94143,-3.10064,Brunstane
BSV,53.67283,-2.66447,Buckshaw Parkway
BSW,52.483555,-1.899833,Birmingham Snow Hill
BSY,51.545574,-0.203063,Brondesbury
BTB,53.574219,-0.409679,Barnetby
BTD,53.518986,-1.312217,Bolton-On-Dearne
BTE,50.918343,-1.378279,Bitterne
BTF,52.944962,-0.796012,Bottesford
BTG,52.361328,-1.994098,Barnt Green
BTH,51.378059,-2.356302,Bath Spa
BTL,53.709129,-1.622734,Batley
BTN,50.829659,-0.141234,Brighton
BTO,51.247993,-0.26771,Betchworth
BTP,51.869316,0.568258,Braintree Freeport
BTR,51.874989,0.558261,Braintree
BTS,56.057133,-3.233214,Burntisland
BTT,54.457687,-1.092945,Battersby
BTY,51.180695,-0.868287,Bentley (Hampshire)
BUB,53.791237,-2.258014,Burnley Barracks
BUC,52.59816,1.47013,Buckenham
BUD,54.355305,-2.766231,Burneside
BUE,51.97094,0.769021,Bures
BUG,50.953552,-0.127749,Burgess Hill
BUH,53.726452,-0.578255,Brough
BUI,55.817123,-4.204029,Burnside
BUJ,52.984047,-1.040698,Burton Joyce
BUK,52.357525,-2.948551,Bucknell
BUL,52.592376,-1.838163,Butlers Lane
BUO,50.882858,-1.304835,Bursledon
BUS,55.780109,-4.262551,Busby
BUT,52.805798,-1.64246,Burton-On-Trent
BUU,51.633526,0.813459,Burnham-On-Crouch
BUW,53.908112,-1.753363,Burley-In-Wharfedale
BUX,53.26058,-1.913086,Buxton
BUY,53.808743,-1.576277,Burley Park
BVD,51.491936,0.152088,Belvedere
BWB,52.003475,-0.696154,Bow Brickhill
BWD,53.41193,-2.52802,Birchwood
BWG,55.931129,-4.493879,Bowling
BWK,55.774872,-2.01112,Berwick-Upon-Tweed
BWN,52.625637,-2.019173,Bloxwich North
BWO,51.705223,-0.358846,Bricket Wood
BWS,52.750244,-1.14956,Barrow Upon Soar
BWT,51.128025,-2.99031,Bridgwater
BXB,51.745712,-0.011157,Broxbourne
BXD,50.990475,0.131651,Buxted
BXH,51.463493,0.133471,Bexleyheath
BXW,51.253376,-0.329128,Box Hill & Westhumble
BXY,51.440742,0.148248,Bexley
BYA,52.589745,1.63043,Berney Arms
BYB,52.968124,-2.066966,Blythe Bridge
BYC,53.092056,-3.80091,Betws-Y-Coed
BYD,51.402393,-3.260749,Barry Docks
BYE,51.67276,-4.098396,Bynea
BYF,56.467213,-2.873153,Broughty Ferry
BYI,51.392361,-3.273405,Barry Island
BYK,53.542865,-1.148788,Bentley (South Yorkshire)
BYL,56.493206,-2.745444,Barry Links
BYM,53.784962,-2.248883,Burnley Manchester Road
BYN,53.499893,-2.647233,Bryn
BYS,54.43956,-3.543406,Braystones
CAA,52.447032,-1.494559,Coventry Arena
CAC,55.88791,-3.88978,Caldercruix
CAD,51.412422,-3.248087,Cadoxton
CAG,57.279873,-3.829541,Carrbridge
CAK,54.177513,-2.972746,Cark
CAM,51.335911,-0.745328,Camberley
CAN,56.500618,-2.7066,Carnoustie
CAO,52.686768,-2.022158,Cannock
CAR,54.890675,-2.933833,Carlisle
CAS,53.591804,-2.178125,Castleton
CAT,51.282803,-0.078539,Caterham
CAU,50.405525,-4.466937,Causeland
CAY,55.854412,-4.17898,Carntyne
CBB,50.19746,-5.463815,Carbis Bay
CBC,55.863213,-4.032443,Coatbridge Central
CBD,57.5617,-4.4404,Conon Bridge
CBE,51.275261,1.075434,Canterbury East
CBG,52.194519,0.137584,Cambridge
CBH,51.53157,-0.057997,Cambridge Heath
CBK,50.7501,-3.4206,Cranbrook (Devon)
CBL,55.819458,-4.173839,Cambuslang
CBN,50.210392,-5.297921,Camborne
CBP,51.522865,-0.331575,Castle Bar Park
CBR,50.903938,-0.010272,Cooksbridge
CBS,55.866886,-4.027847,Coatbridge Sunnyside
CBW,51.284279,1.074608,Canterbury West
CBX,56.189693,-3.046855,Cameron Bridge
CBY,51.872929,-1.490133,Charlbury
CCC,52.918312,-4.236972,Criccieth
CCH,50.831821,-0.783032,Chichester
CCT,55.817879,-4.261552,Cathcart
CDB,51.466324,-3.166049,Cardiff Bay
CDD,56.141308,-3.261651,Cardenden
CDF,51.475193,-3.177794,Cardiff Central
CDI,50.783375,-3.646912,Crediton
CDN,51.32243,-0.13429,Coulsdon Town
CDO,55.853252,-4.340297,Cardonald
CDQ,51.482464,-3.170782,Cardiff Queen Street
CDR,55.960163,-4.652782,Cardross
CDS,51.315231,-0.13746,Coulsdon South
CDT,51.58474,-2.760598,Caldicot
CDU,51.71701,-2.366194,Cam & Dursley
CDY,55.942261,-4.731633,Cartsdyke
CEA,55.804073,-3.909695,Cleland
CED,51.857908,-0.662168,Cheddington
CEF,53.312405,-1.918915,Chapel-En-Le-Frith
CEH,52.5164,-1.7081,Coleshill Parkway
CEL,53.270744,-2.280375,Chelford
CES,51.852028,0.580186,Cressing
CET,51.886505,0.904055,Colchester Town
CEY,53.917351,-2.010631,Cononley
CFB,51.444725,-0.027142,Catford Bridge
CFD,53.724171,-1.355852,Castleford
CFF,55.818455,-4.229643,Croftfoot
CFH,51.502792,0.290938,Chafford Hundred
CFL,53.858829,-1.844886,Crossflatts
CFN,51.46423,-2.611761,Clifton Down
CFO,51.66835,-0.560646,Chalfont & Latimer
CFR,50.983,-1.3845,Chandlers Ford
CFT,51.454777,-0.03678,Crofton Park
CGD,55.99485,-4.711291,Craigendoran
CGM,53.781826,-0.406402,Cottingham
CGN,51.445396,-3.189974,Cogan
CGW,53.107922,-3.033069,Caergwrle
CHC,55.865345,-4.270689,Charing Cross (Glasgow)
CHD,53.238209,-1.42011,Chesterfield
CHE,51.35601,-0.2148,Cheam
CHF,53.827671,-1.226652,Church Fenton
CHG,51.208649,0.790337,Charing
CHH,51.050629,-0.363538,Christs Hospital
CHI,51.63385,0.009955,Chingford
CHK,51.4809,-0.267538,Chiswick
CHL,51.21553,-0.523795,Chilworth
CHM,51.736595,0.469316,Chelmsford
CHN,51.702747,-0.023171,Cheshunt
CHO,51.570135,-1.157942,Cholsey
CHP,51.309444,-0.169259,Chipstead
CHR,50.738148,-1.784566,Christchurch
CHT,55.536404,-1.706846,Chathill
CHU,53.375956,-2.188125,Cheadle Hulme
CHW,51.53883,0.6706,Chalkwell
CHX,51.508362,-0.123835,London Charing Cross
CHY,51.387108,-0.509667,Chertsey
CIL,51.244549,0.975937,Chilham
CIM,52.150936,-3.45719,Cilmeri
CIR,51.543301,-0.115177,Caledonian Road & Barnsbury
CIT,51.405506,0.057437,Chislehurst
CKH,55.836494,-4.323322,Corkerhill
CKL,54.541657,-3.582155,Corkickle
CKN,50.873337,-2.778815,Crewkerne
CKS,55.789753,-4.275865,Clarkston
CKT,55.84388,-4.36049,Crookston
CKY,51.621,-3.1261,Crosskeys
CLA,51.263832,-0.503622,Clandon
CLC,51.099583,-2.522683,Castle Cary
CLD,51.35603,0.108373,Chelsfield
CLE,53.56316,-0.029584,Cleethorpes
CLG,51.360664,-0.348207,Claygate
CLH,53.87345,-2.394365,Clitheroe
CLI,53.522503,-2.314811,Clifton
CLJ,51.464134,-0.170281,Clapham Junction
CLK,51.408096,-0.041668,Clock House
CLL,50.839272,0.457142,Collington
CLM,53.144047,-0.748588,Collingham
CLN,53.464046,-1.466743,Chapeltown
CLP,51.46534,-0.1328,Clapham High Street
CLR,51.852207,-4.88221,Clarbeston Road
CLS,54.854885,-1.577847,Chester-Le-Street
CLT,51.793953,1.154134,Clacton-On-Sea
CLU,55.730408,-3.848761,Carluke
CLV,52.276424,-1.696566,Claverdon
CLW,51.654188,-0.51846,Chorleywood
CLY,53.340275,-1.9444,Chinley
CMB,52.223333,0.157778,Cambridge North
CMD,51.541889,-0.139764,Camden Road
CME,51.832277,-1.392817,Combe
CMF,53.112915,-1.548788,Cromford
CMH,51.701885,-3.413774,Cwmbach
CML,55.834053,-4.161873,Carmyle
CMN,51.853233,-4.305732,Carmarthen
CMO,56.006775,-3.817015,Camelon
CMR,52.930595,1.292778,Cromer
CMS,52.17448,0.131226,Cambridge South
CMY,55.833626,-4.284813,Crossmyloof
CNE,53.85478,-2.181087,Colne
CNF,54.129688,-2.771244,Carnforth
CNG,53.157637,-2.192754,Congleton
CNL,52.399418,-1.547232,Canley
CNM,51.896465,-2.100245,Cheltenham Spa
CNN,51.548747,-0.091614,Canonbury
CNO,50.866428,-2.574072,Chetnole
CNP,53.393530,-3.023090,Conway Park
CNR,56.389652,-4.617778,Crianlarich
CNS,53.48885,-1.234333,Conisbrough
CNW,53.280093,-3.83046,Conwy
CNY,52.578907,1.512899,Cantley
COA,55.864567,-4.005343,Coatdyke
COB,50.83271,0.426969,Cooden Beach
COE,50.44479,-4.481655,Coombe
COH,51.046085,0.188422,Crowborough
COI,55.833225,-4.257648,Crosshill
COL,51.900478,0.894085,Colchester
COM,54.481018,-0.97514,Commondale
CON,56.451981,-5.384973,Connel Ferry
COO,51.556873,-0.721948,Cookham
COP,50.814228,-3.751624,Copplestone
COR,52.489196,-0.687944,Corby
COS,52.645031,-2.301479,Cosford
COT,53.767437,-1.588832,Cottingley
COV,52.400787,-1.513466,Coventry
COW,56.111679,-3.344314,Cowdenbeath
COY,51.520512,-3.230858,Coryton
CPA,56.842724,-5.121662,Corpach
CPH,51.571903,-3.217805,Caerphilly
CPK,51.627885,-0.385578,Carpenders Park
CPM,51.462162,-2.115123,Chippenham
CPN,51.01577,-4.024398,Chapleton
CPT,51.56213,-0.056685,Clapton
CPU,53.260155,-2.942908,Capenhurst
CPW,51.640137,-2.67193,Chepstow
CPY,54.105392,-2.409858,Clapham (North Yorkshire)
CRA,52.469177,-2.08976,Cradley Heath
CRB,54.966152,-2.017141,Corbridge
CRD,52.535575,-1.832582,Chester Road
CRE,53.089607,-2.432987,Crewe
CRF,55.806938,-3.956112,Carfin
CRG,53.804638,-1.451798,Cross Gates
CRH,51.571205,-0.116907,Crouch Hill
CRI,51.559227,-0.214071,Cricklewood
CRK,52.932793,-3.066708,Chirk
CRL,53.652428,-2.626693,Chorley
CRM,55.088604,-1.598887,Cramlington
CRN,51.366356,-0.819194,Crowthorne
CRO,55.955734,-4.035697,Croy
CRR,56.760181,-4.690966,Corrour
CRS,55.69075,-3.668696,Carstairs
CRT,51.256958,1.018303,Chartham
CRV,52.441975,-2.837077,Craven Arms
CRW,51.111874,-0.187083,Crawley
CRY,51.448273,0.178826,Crayford
CSA,50.841644,-1.068259,Cosham
CSB,51.357117,-0.17023,Carshalton Beeches
CSD,51.318077,-0.389917,Cobham & Stoke Dabernon
CSG,53.3588,-2.91172,Cressington
CSH,51.367859,-0.16693,Carshalton
CSK,50.497487,-4.208665,Calstock
CSL,52.627262,-2.200891,Codsall
CSM,54.467297,-0.947707,Castleton Moor
CSN,51.364483,-0.300661,Chessington North
CSO,53.66756,-2.777717,Croston
CSR,53.44605,-2.368171,Chassen Road
CSS,51.356491,-0.308144,Chessington South
CST,51.510525,-0.090589,London Cannon Street
CSW,51.360004,1.068182,Chestfield & Swalecliffe
CSY,52.545738,-2.086051,Coseley
CTE,55.76521,-4.00466,Chatelherault
CTF,51.444706,-0.025701,Catford
CTH,51.567905,0.128263,Chadwell Heath
CTK,51.514336,-0.103412,City Thameslink
CTL,53.997515,-1.319808,Cattal
CTM,51.381161,0.520559,Chatham
CTN,51.486904,0.030852,Charlton
CTO,52.964573,-1.078357,Carlton
CTR,53.196815,-2.880152,Chester
CTT,52.536606,-2.803485,Church Stretton
CTW,53.750431,-2.391216,Church & Oswaldtwistle
CUA,57.919842,-4.405676,Culrain
CUB,55.941326,-3.982089,Cumbernauld
CUD,53.23991,-2.599329,Cuddington
CUF,51.708675,-0.109761,Cuffley
CUH,55.901703,-3.317849,Curriehill
CUM,51.653773,-1.236445,Culham
CUP,56.317043,-3.008772,Cupar
CUS,51.509639,0.025894,Custom House
CUW,51.8405,-4.731915,Clunderwen
CUX,51.374298,0.462693,Cuxton
CWB,53.296349,-3.725462,Colwyn Bay
CWC,51.925312,0.758944,Chappel & Wakes Colne
CWD,53.264008,-1.215865,Creswell
CWE,53.589725,-0.817042,Crowle
CWH,51.684334,-0.106441,Crews Hill
CWL,52.080284,-2.357489,Colwall
CWM,51.656544,-3.016233,Cwmbran
CWN,51.155441,0.110653,Cowden
CWS,52.516262,-3.43387,Caersws
CWU,50.888702,0.500984,Crowhurst
CWX,51.5061,-0.01578,Canary Wharf
CYB,53.098511,-3.031972,Cefn-Y-Bedd
CYK,55.900562,-4.403927,Clydebank
CYN,52.051689,-3.747095,Cynghordy
CYP,51.417603,-0.072899,Crystal Palace
CYS,51.488678,-3.178149,Cathays
CYT,53.732868,-2.518401,Cherry Tree
DAG,56.044178,-3.354809,Dalgety Bay
DAK,55.839371,-4.21647,Dalmarnock
DAL,56.400272,-4.9832,Dalmally
DAM,55.986362,-3.381645,Dalmeny
DAN,53.381084,-1.410661,Darnall
DAR,54.520462,-1.54732,Darlington
DAS,52.576380,-2.019530,Darlaston
DAT,51.483303,-0.579978,Datchet
DBC,55.946705,-4.56697,Dumbarton Central
DBD,53.572628,-1.663215,Denby Dale
DBE,55.942478,-4.55387,Dumbarton East
DBG,51.033987,-1.546942,Mottisfont & Dunbridge
DBL,56.186001,-3.967296,Dunblane
DBR,52.04953,1.182332,Derby Road
DBY,52.916381,-1.462555,Derby
DCG,57.336727,-5.637282,Duncraig
DCH,50.708752,-2.437593,Dorchester South
DCT,51.505199,-3.23332,Danescourt
DCW,50.710526,-2.443274,Dorchester West
DDG,52.371861,-1.753209,Dorridge
DDK,51.526237,0.14505,Dagenham Dock
DDP,52.524517,-2.049401,Dudley Port
DEA,51.223129,1.398559,Deal
DEE,56.456669,-2.970576,Dundee
DEN,51.042629,-1.634802,Dean
DEP,51.478897,-0.02711,Deptford
DEW,53.692089,-1.633487,Dewsbury
DFD,51.447548,0.217643,Dartford
DFE,56.068233,-3.452033,Dunfermline City
DFI,52.987713,-1.486035,Duffield
DFL,56.080706,-3.42164,Dunfermline Queen Margaret
DFR,55.941292,-4.774822,Drumfrochar
DGC,51.580544,-0.517774,Denham Golf Club
DGL,51.440109,-3.179776,Dingle Road
DGT,53.473961,-2.250061,Deansgate
DGY,53.294739,-3.833424,Deganwy
DHM,54.779408,-1.581746,Durham
DHN,53.669018,-1.751739,Deighton
DID,51.611275,-1.242614,Didcot Parkway
DIG,50.716434,-3.474574,Digby & Sowton
DIN,57.594238,-4.422611,Dingwall
DIS,52.373096,1.123274,Diss
DKD,56.557301,-3.578097,Dunkeld & Birnam
DKG,51.241615,-0.323822,Dorking
DKT,51.236443,-0.339762,Dorking West
DLG,53.186123,-3.822808,Dolgarrog
DLH,50.918686,0.610732,Doleham
DLJ,51.546139,-0.07544,Dalston Junction
DLK,51.548035,-0.074594,Dalston Kingsland
DLM,53.228767,-2.666577,Delamere
DLR,55.947365,-4.578226,Dalreoch
DLS,54.846203,-2.988866,Dalston (Cumbria)
DLT,54.15424,-3.179031,Dalton
DLW,56.934334,-4.246498,Dalwhinnie
DLY,55.705395,-4.711899,Dalry
DMC,55.904926,-4.364204,Drumchapel
DMF,55.072395,-3.605261,Dumfries
DMG,51.617073,-3.437123,Dinas Rhondda
DMH,51.248928,-2.207723,Dilton Marsh
DMK,51.468243,-0.089475,Denmark Hill
DMP,51.345566,1.426291,Dumpton Park
DMR,55.911793,-4.427038,Dalmuir
DMS,51.15567,-0.005183,Dormans
DMY,55.904495,-4.386583,Drumry
DND,54.51474,-1.467051,Dinsdale
DNG,51.296425,0.171616,Dunton Green
DNL,55.711926,-4.532435,Dunlop
DNM,51.578495,-0.497633,Denham
DNO,57.986111,-3.946595,Dunrobin Castle
DNS,51.431614,-3.21839,Dinas Powys
DNT,54.282597,-2.363987,Dent
DNY,54.466068,-0.910704,Danby
DOC,50.382553,-4.175957,Dockyard
DOD,53.545216,-1.530617,Dodworth
DOL,52.295223,-3.263955,Dolau
DON,53.521469,-1.140225,Doncaster
DOR,53.327625,-1.514997,Dore & Totley
DOT,54.952164,-1.648648,Dunston
DOW,52.60471,0.365751,Downham Market
DPD,51.238918,-0.323921,Dorking Deepdene
DPT,50.378132,-4.171534,Devonport
DRF,54.001526,-0.434627,Driffield
DRG,51.516326,-0.330089,Drayton Green
DRI,54.376968,-3.444066,Drigg
DRM,56.005981,-2.785752,Drem
DRN,57.319847,-5.692103,Duirinish
DRO,53.301357,-1.468768,Dronfield
DRT,53.58836,-1.531646,Darton
DRU,55.867233,-3.95114,Drumgelloch
DSL,53.358146,-2.042465,Disley
DSM,52.272812,1.522343,Darsham
DST,55.859207,-4.212814,Duke Street
DSY,53.539389,-2.516212,Daisy Hill
DTG,53.449382,-1.970276,Dinting
DTN,53.457087,-2.131648,Denton
DTW,52.26862,-2.158239,Droitwich Spa
DUD,52.488018,-1.871842,Duddeston
DUL,52.200943,0.366197,Dullingham
DUM,55.841255,-4.309216,Dumbreck
DUN,55.998428,-2.514625,Dunbar
DUR,50.817463,-0.411463,Durrington-On-Sea
DVC,51.938892,1.280724,Dovercourt
DVH,53.300005,-1.890678,Dove Holes
DVN,53.390719,-2.153234,Davenport
DVP,51.125988,1.304227,Dover Priory
DVY,52.564133,-3.925273,Dovey Junction
DWD,53.052105,-3.884288,Dolwyddelan
DWL,50.580692,-3.464583,Dawlish
DWN,53.69804,-2.464958,Darwen
DWW,50.599311,-3.443903,Dawlish Warren
DYC,57.205002,-2.191978,Dyce
DYF,52.78857,-4.104242,Dyffryn Ardudwy
DYP,51.552124,-0.104723,Drayton Park
DZY,52.324329,-1.819493,Danzey
EAD,51.441929,-0.188423,Earlsfield
EAG,54.529449,-1.349426,Eaglescliffe
EAL,51.51466,-0.300843,Ealing Broadway
EAR,51.441051,-0.917989,Earley
EBA,53.670071,-2.675045,Euxton Balshaw Lane
EBB,51.782007,-3.205996,Ebbw Vale Town
EBD,51.443009,0.320887,Ebbsfleet International
EBK,51.437126,-3.207031,Eastbrook
EBL,54.9468,-1.420767,East Boldon
EBN,50.769085,0.281847,Eastbourne
EBR,51.208508,0.060099,Edenbridge
EBT,51.200287,0.06689,Edenbridge Town
EBV,51.7573,-3.1965,Ebbw Vale Parkway
ECC,53.485443,-2.333014,Eccles
ECL,53.430665,-2.780555,Eccleston Park
ECP,51.5838,-3.2287,Energlyn & Churchill Park
ECR,51.375679,-0.093335,East Croydon
ECS,52.470585,0.969656,Eccles Road
EDB,55.952442,-3.188236,Edinburgh Waverley
EDG,53.402663,-2.946986,Edge Hill
EDL,53.36477,-1.817395,Edale
EDN,51.390762,-0.026587,Eden Park
EDP,55.927615,-3.307829,Edinburgh Park
EDR,51.623802,-0.059665,Edmonton Green
EDW,51.460911,-0.081151,East Dulwich
EDY,53.410206,-2.22111,East Didsbury
EFF,51.291504,-0.419536,Effingham Junction
EFL,51.255112,0.48498,East Farleigh
EGF,53.791622,-1.363933,East Garforth
EGG,50.887848,-3.875235,Eggesford
EGH,51.428925,-0.545701,Egham
EGN,53.75481,-0.786612,Eastrington
EGR,51.126213,-0.017887,East Grinstead
EGT,54.437679,-0.761896,Egton
EGY,55.941,-3.32,Edinburgh Gateway
EKB,55.88956,-3.07845,Eskbank
EKL,55.765388,-4.18199,East Kilbride
ELD,51.227631,-0.171078,Earlswood (Surrey)
ELE,51.398335,-0.049263,Elmers End
ELG,57.64299,-3.31163,Elgin
ELO,52.951843,-0.855362,Elton & Orston
ELP,53.282097,-2.895403,Ellesmere Port
ELR,53.498924,-1.428617,Elsecar
ELS,51.652836,-0.279779,Elstree & Borehamwood
ELT,55.9856,-2.6579,East Linton
ELW,51.455101,0.0496,Eltham
ELY,52.390846,0.266105,Ely
EMD,52.862,-1.263,East Midlands Parkway
EML,51.285748,0.439308,East Malling
EMP,51.56889,0.220658,Emerson Park
EMS,50.851326,-0.938784,Emsworth
ENC,51.652607,-0.090404,Enfield Chase
ENF,51.651524,-0.078891,Enfield Town
ENL,51.671379,-0.028875,Enfield Lock
ENT,53.655591,-2.413983,Entwistle
EPD,51.321365,-0.243411,Epsom Downs
EPH,51.494469,-0.098462,Elephant & Castle
EPS,51.334339,-0.268756,Epsom
ERA,53.307532,-2.9812,Eastham Rake
ERD,52.528435,-1.839297,Erdington
ERH,51.481621,0.174651,Erith
ERI,51.089024,0.200452,Eridge
ERL,53.451139,-2.637674,Earlestown
ESD,51.417435,0.043594,Elmstead Woods
ESH,51.379642,-0.354714,Esher
ESL,50.968559,-1.350563,Eastleigh
ESM,51.92038,0.22779,Elsenham
EST,55.860157,-4.107389,Easterhouse
ESW,52.238201,0.911625,Elmswell
ETC,51.010479,0.441935,Etchingham
ETL,51.485065,0.412479,East Tilbury
EUS,51.528313,-0.134545,London Euston
EVE,52.098793,-1.947413,Evesham
EWD,52.366638,-1.861907,Earlswood (West Midlands)
EWE,51.345612,-0.24106,Ewell East
EWR,50.822071,-0.354517,East Worthing
EWW,51.349445,-0.256711,Ewell West
EXC,50.726471,-3.532973,Exeter Central
EXD,50.729019,-3.544387,Exeter St Davids
EXG,55.860619,-4.283207,Exhibition Centre
EXM,50.620937,-3.415035,Exmouth
EXN,50.668255,-3.443337,Exton
EXR,51.540302,-0.096552,Essex Road
EXT,50.716529,-3.538759,Exeter St Thomas
EYN,51.362377,0.203465,Eynsford
FAL,50.15075,-5.0559,Falmouth Docks
FAV,51.311436,0.891278,Faversham
FAZ,53.469063,-2.936729,Fazakerley
FBY,53.553796,-3.070706,Formby
FCN,51.459087,0.078571,Falconwood
FEA,53.679253,-1.359562,Featherstone
FEL,51.447845,-0.40983,Feltham
FEN,52.000103,-0.716636,Fenny Stratford
FER,51.685932,-3.394469,Fernhill
FFA,51.87244,-3.992916,Ffairfach
FFD,51.342251,-2.30146,Freshford
FGH,52.011505,-4.985713,Fishguard Harbour
FGT,51.095943,-0.263403,Faygate
FGW,52.0035,-4.9948,Fishguard & Goodwick
FIL,54.209946,-0.293351,Filey
FIN,51.85305,-1.47003,Finstock
FIT,51.509438,-2.561933,Filton Abbey Wood
FKC,51.082985,1.168331,Folkestone Central
FKG,56.002735,-3.786359,Falkirk Grahamston
FKK,55.991863,-3.792276,Falkirk High
FKW,51.085163,1.154209,Folkestone West
FLD,55.822163,-3.719006,Fauldhouse
FLE,51.290947,-0.831169,Fleet
FLF,53.461737,-2.080965,Flowery Field
FLI,53.443746,-2.383878,Flixton
FLM,54.689815,-3.520544,Flimby
FLN,53.249516,-3.13302,Flint
FLT,52.003457,-0.4952,Flitwick
FLW,51.433525,-0.349893,Fulwell
FLX,51.967449,1.352707,Felixstowe
FML,51.311653,-0.747426,Frimley
FMR,50.862064,-0.087364,Falmer
FMT,50.148392,-5.065443,Falmouth Town
FNB,51.296471,-0.756436,Farnborough Main
FNC,51.197639,-0.604522,Farncombe
FNH,51.211422,-0.793093,Farnham
FNN,51.301723,-0.743385,Farnborough North
FNR,51.401337,0.235533,Farningham Road
FNT,50.787022,-3.285259,Feniton
FNV,53.348385,-1.989445,Furness Vale
FNW,53.549999,-2.387857,Farnworth
FNY,51.550198,-0.183324,Finchley Road & Frognal
FOC,56.386242,-5.114992,Falls of Cruachan
FOD,50.829506,-0.578611,Ford
FOG,51.549976,0.023568,Forest Gate
FOH,51.438869,-0.053297,Forest Hill
FOK,52.579662,-1.8273,Four Oaks
FOR,57.609661,-3.62847,Forres
FOX,54.259041,-3.215796,Foxfield
FPK,51.564724,-0.105642,Finsbury Park
FRB,52.696018,-4.049464,Fairbourne
FRD,53.295853,-2.723145,Frodsham
FRE,53.566494,-3.072014,Freshfield
FRF,53.471215,-2.14581,Fairfield
FRI,51.838314,1.242907,Frinton-On-Sea
FRL,55.752514,-4.853834,Fairlie
FRM,50.853352,-1.19162,Fareham
FRN,57.777828,-3.994245,Fearn
FRO,51.227131,-2.309302,Frome
FRS,58.356998,-3.896903,Forsinard
FRT,51.104321,0.294034,Frant
FRW,51.491714,-3.232963,Fairwater
FRY,53.716625,-0.508878,Ferriby
FSB,50.839352,-0.815495,Fishbourne
FSG,50.834469,-0.219161,Fishersgate
FSK,53.060253,-0.912181,Fiskerton
FST,51.511234,-0.079039,London Fenchurch Street
FTM,55.958809,-4.7953,Fort Matilda
FTN,50.795818,-1.073422,Fratton
FTW,56.820625,-5.106721,Fort William
FWY,52.470078,-1.913116,Five Ways
FXN,52.119526,0.056572,Foxton
FYS,51.76833,-4.36952,Ferryside
FZH,53.820957,-1.769072,Frizinghall
FZP,51.533082,-0.728467,Furze Platt
FZW,53.632587,-1.375391,Fitzwilliam
GAL,55.610426,-2.809693,Galashiels
GAR,55.855286,-4.129497,Garrowhill
GBD,53.747955,-0.732223,Gilberdyke
GBG,55.836732,-3.046099,Gorebridge
GBK,53.251664,-2.533185,Greenbank
GBL,53.386078,-0.768558,Gainsborough Lea Road
GBS,50.817753,-0.432751,Goring-By-Sea
GCH,56.079449,-4.826544,Garelochhead
GCR,51.864799,-2.238141,Gloucester
GCT,53.575542,-0.128701,Great Coates
GCW,53.266644,-3.796892,Glan Conwy
GDH,51.66346,-0.094289,Gordon Hill
GDL,53.448151,-2.049649,Godley
GDN,51.217606,-0.051188,Godstone
GDP,51.581772,0.205411,Gidea Park
GEA,55.001934,-3.064608,Gretna Green
GER,51.588883,-0.555367,Gerrards Cross
GFD,51.54235,-0.3463,Greenford
GFF,51.684208,-3.226604,Gilfach Fargoed
GFN,55.804688,-4.294289,Giffnock
GGJ,58.513721,-3.45212,Georgemas Junction
GGV,53.97842,-2.105171,Gargrave
GIG,54.061775,-2.302644,Giggleswick
GIL,51.033886,-2.272361,Gillingham (Dorset)
GIP,51.424984,-0.084096,Gipsy Hill
GIR,55.246517,-4.848927,Girvan
GKC,55.945385,-4.752692,Greenock Central
GKW,55.94772,-4.768866,Greenock West
GLC,55.860157,-4.259208,Glasgow Central
GLD,51.236912,-0.580409,Guildford
GLE,56.274902,-3.7312,Gleneagles
GLF,56.872753,-5.449219,Glenfinnan
GLG,55.738579,-4.674364,Glengarnock
GLH,53.70884,-1.34247,Glasshoughton
GLM,51.386829,0.549618,Gillingham (Kent)
GLO,53.444503,-1.949403,Glossop
GLQ,55.863003,-4.251385,Glasgow Queen Street
GLS,54.439796,-0.794221,Glaisdale
GLT,56.162224,-3.143189,Glenrothes with Thornton
GLY,50.859398,0.06883,Glynde
GLZ,53.428076,-2.461152,Glazebrook
GMB,53.564091,-0.086922,Grimsby Town
GMD,53.574699,-0.075873,Grimsby Docks
GMG,51.596413,-3.641504,Garth (Mid Glamorgan)
GMN,51.703304,-0.709132,Great Missenden
GMT,54.436394,-0.724937,Grosmont
GMV,52.109165,-2.318289,Great Malvern
GMY,51.565502,0.112277,Goodmayes
GNB,53.399574,-0.769674,Gainsborough Central
GNF,53.538835,-2.014189,Greenfield
GNH,51.450855,0.279694,Greenhithe for Bluewater
GNL,53.38271,-3.016281,Green Lane
GNR,54.244748,-3.245602,Green Road
GNT,52.866077,1.348821,Gunton
GNW,51.477779,-0.014198,Greenwich
GOB,52.893501,-3.036019,Gobowen
GOD,51.186115,-0.619175,Godalming
GOE,53.533379,-1.313488,Goldthorpe
GOF,56.497852,-2.719541,Golf Street
GOL,57.971092,-3.98806,Golspie
GOM,51.218964,-0.442065,Gomshall
GOO,53.704426,-0.872907,Goole
GOR,51.521428,-1.133051,Goring & Streatley
GOS,54.195282,-2.902752,Grange-Over-Sands
GOX,53.676613,-0.337699,Goxhill
GPK,51.642811,-0.096599,Grange Park
GPO,51.555546,-0.150737,Gospel Oak
GRA,52.906448,-0.642438,Grantham
GRB,51.85207,1.065258,Great Bentley
GRC,52.060402,0.1939,Great Chesterford
GRF,53.796211,-1.382083,Garforth
GRH,55.885,-4.078,Gartcosh
GRK,55.962788,-4.818021,Gourock
GRL,55.932064,-3.999232,Greenfaulds
GRN,53.30555,-1.62629,Grindleford
GRP,51.430389,0.022597,Grove Park
GRS,55.88784,-4.364757,Garscadden
GRT,51.170269,-1.619497,Grateley
GRV,51.441029,0.36699,Gravesend
GRY,51.476089,0.322719,Grays
GSC,55.897295,-4.28201,Gilshochill
GSD,54.32135,-2.325891,Garsdale
GSL,50.515992,-4.219437,Gunnislake
GSN,51.686685,-0.381689,Garston
GST,53.559399,-2.694418,Gathurst
GSW,53.488518,-2.672149,Garswood
GSY,53.875668,-1.715537,Guiseley
GTA,54.4902,-1.113845,Great Ayton
GTH,52.133816,-3.531142,Garth (Powys)
GTN,51.466984,-3.189097,Grangetown
GTO,53.468712,-2.167182,Gorton
GTR,53.222634,-2.32628,Goostrey
GTW,51.156425,-0.161022,Gatwick Airport
GTY,53.394001,-2.230052,Gatley
GUI,53.474171,-2.112961,Guide Bridge
GUN,51.491814,-0.275766,Gunnersbury
GVE,57.613129,-4.688429,Garve
GVH,52.514969,-1.852612,Gravelly Hill
GWE,53.072559,-3.017913,Gwersyllt
GWN,51.648701,-4.035124,Gowerton
GYM,52.612122,1.720949,Great Yarmouth
GYP,54.532902,-1.179375,Gypsy Lane
HAB,53.605507,-0.267936,Habrough
HAC,51.548695,-0.060144,Hackney Downs
HAD,52.528835,1.622451,Haddiscoe
HAF,51.458214,-0.445447,Heathrow Terminal 4 Rail
HAG,52.422375,-2.147018,Hagley
HAI,51.352169,0.445711,Halling
HAL,53.378669,-2.347383,Hale
HAM,50.725754,-2.018381,Hamworthy
HAN,51.511604,-0.338432,Hanwell
HAP,51.779785,0.593463,Hatfield Peverel
HAS,52.346157,1.506141,Halesworth
HAT,51.763397,-0.216162,Hatfield
HAV,50.854416,-0.982763,Havant
HAY,51.502973,-0.420785,Hayes & Harlington
HAZ,53.377415,-2.122121,Hazel Grove
HBB,52.975594,-0.110044,Hubberts Bridge
HBD,53.737587,-2.009063,Hebden Bridge
HBL,53.492835,-2.878862,Headbolt Lane
HBN,51.265484,0.627465,Hollingbourne
HBP,53.980236,-1.527272,Hornbeam Park
HBY,52.335049,-2.22158,Hartlebury
HCB,51.378437,-0.15358,Hackbridge
HCH,53.199131,-2.351063,Holmes Chapel
HCN,51.165657,0.627507,Headcorn
HCT,53.772144,-2.345903,Huncoat
HDB,54.974888,-2.246809,Haydon Bridge
HDE,50.927773,-1.297056,Hedge End
HDF,53.460873,-1.965429,Hadfield
HDG,53.369248,-2.236533,Heald Green
HDH,51.555779,-0.165159,Hampstead Heath
HDL,51.60268,-0.356766,Headstone Lane
HDM,51.770788,-0.942121,Haddenham & Thame Parkway
HDN,51.536518,-0.258214,Harlesden
HDW,51.668365,-0.176519,Hadley Wood
HDY,53.817787,-1.59289,Headingley
HEC,52.977463,-0.29316,Heckington
HED,53.364466,-2.830149,Halewood
HEI,54.596977,-1.582071,Heighington
HEL,53.698357,-1.113905,Hensall
HEN,51.580057,-0.238652,Hendon
HER,51.377419,-0.389271,Hersham
HES,53.717567,-0.442169,Hessle
HEV,51.180912,0.094648,Hever
HEW,54.951862,-1.554976,Heworth
HEX,54.974201,-2.095266,Hexham
HFD,52.060715,-2.708854,Hereford
HFE,51.799793,-0.072591,Hertford East
HFN,51.798328,-0.092961,Hertford North
HFS,53.589532,-1.020931,Hatfield & Stainforth
HFX,53.720417,-1.854486,Halifax
HGD,51.415344,-1.511056,Hungerford
HGF,53.533442,-2.493744,Hag Fold
HGG,51.53912,-0.07642,Haggerston
HGM,51.426376,0.466931,Higham
HGN,53.372378,-2.775056,Hough Green
HGR,51.452374,-0.000906,Hither Green
HGS,50.858288,0.57608,Hastings
HGT,53.991959,-1.537814,Harrogate
HGY,51.577305,-0.105115,Harringay
HHB,54.033284,-2.913179,Heysham Port
HHD,53.307674,-4.631062,Holyhead
HHE,51.00536,-0.105717,Haywards Heath
HHL,51.516518,-3.181737,Heath High Level
HHY,51.54668,-0.10206,Highbury & Islington
HIA,52.428375,-1.699934,Hampton-In-Arden
HIB,51.149609,0.277686,High Brooms
HID,53.597546,-2.413986,Hall i' th' Wood
HIG,51.218098,-2.972192,Highbridge & Burnham
HIL,53.62217,-3.024673,Hillside
HIN,53.542053,-2.574909,Hindley
HIP,51.608837,0.000183,Highams Park
HIR,54.149379,-2.302054,Horton in Ribblesdale
HIT,51.952915,-0.262498,Hitchin
HKC,51.546825,-0.055896,Hackney Central
HKH,55.843136,-4.398792,Hawkhead
HKM,53.194546,-0.600412,Hykeham
HKN,53.038265,-1.195793,Hucknall
HKW,51.543625,-0.025759,Hackney Wick
HLB,51.214451,0.226465,Hildenborough
HLC,56.004261,-4.732803,Helensburgh Central
HLD,54.010972,-2.227961,Hellifield
HLE,55.854778,-4.354768,Hillington East
HLF,55.920143,-4.32032,Hillfoot
HLG,52.436745,-1.845513,Hall Green
HLI,53.581425,-0.160163,Healing
HLL,51.515606,-3.183163,Heath Low Level
HLM,51.180428,-0.321752,Holmwood
HLN,51.962012,-0.495715,Harlington
HLR,53.497442,-3.049607,Hall Road
HLS,50.828075,-1.058592,Hilsea
HLU,56.013268,-4.73184,Helensburgh Upper
HLW,55.85537,-4.370778,Hillington West
HLY,55.812943,-3.973967,Holytown
HMC,51.401947,-0.342412,Hampton Court
HMD,50.796124,0.278906,Hampden Park
HME,50.871311,-1.329173,Hamble
HML,51.742062,-0.490762,Hemel Hempstead
HMM,53.996105,-1.283026,Hammerton
HMN,51.546535,-0.038601,Homerton
HMP,51.41607,-0.37199,Hampton
HMS,58.117737,-3.660068,Helmsdale
HMT,51.067684,0.854653,Ham Street
HMW,51.41412,-0.313201,Hampton Wick
HMY,55.762012,-4.220047,Hairmyres
HNA,50.752384,-1.713616,Hinton Admiral
HNB,51.364059,1.118742,Herne Bay
HNC,55.773239,-4.038928,Hamilton Central
HND,51.825172,-1.373471,Hanborough
HNF,52.709922,-2.00199,Hednesford
HNG,51.647362,-3.224162,Hengoed
HNH,51.453148,-0.101624,Herne Hill
HNK,52.534969,-1.371916,Hinckley
HNL,52.291,-1.784444,Henley-In-Arden
HNT,57.444401,-2.776354,Huntly
HNW,55.779232,-4.056781,Hamilton West
HNX,53.360644,-2.855716,Hunts Cross
HOC,51.603825,0.659971,Hockley
HOH,51.57931,-0.336628,Harrow-on-the-Hill
HOK,51.279587,-0.961933,Hook
HOL,50.711346,-2.077863,Holton Heath
HON,50.797062,-3.186207,Honiton
HOO,53.296741,-2.976721,Hooton
HOP,53.346283,-1.729587,Hope (Derbyshire)
HOR,51.168137,-0.161994,Horley
HOT,51.534182,-0.900133,Henley-On-Thames
HOU,51.462471,-0.361808,Hounslow
HOV,50.835514,-0.170824,Hove
HOW,53.764526,-0.86068,Howden
HOX,51.53193,-0.07672,Hoxton
HOY,53.608849,-1.780814,Honley
HOZ,55.811,-4.56,Howwood
HPA,51.450428,-0.045607,Honor Oak Park
HPD,51.814831,-0.351961,Harpenden
HPE,53.117344,-3.03691,Hope (Flintshire)
HPL,54.686771,-1.2073,Hartlepool
HPN,53.781393,-2.318115,Hapton
HPQ,51.947701,1.255167,Harwich International
HPT,52.391964,-2.912536,Hopton Heath
HRD,52.454128,0.908188,Harling Road
HRE,54.763879,-1.307347,Horden
HRH,51.066174,-0.318753,Horsham
HRL,52.861309,-4.109248,Harlech
HRM,51.244652,0.673574,Harrietsham
HRN,51.586414,-0.111961,Hornsey
HRO,51.592907,0.234819,Harold Wood
HRR,54.613551,-3.565573,Harrington
HRS,53.847576,-1.630612,Horsforth
HRW,51.591576,-0.334067,Harrow & Wealdstone
HRY,51.577336,-0.098104,Harringay Green Lanes
HSB,53.275784,-2.770786,Helsby
HSC,53.597366,-2.803828,Hoscar
HSD,52.530718,-1.92838,Hamstead
HSG,53.325405,-1.651641,Hathersage
HSK,50.923264,-0.146043,Hassocks
HSL,51.089237,-0.719162,Haslemere
HST,55.858719,-4.239953,High Street
HSW,53.32917,-3.073568,Heswall
HSY,51.279114,-0.434304,Horsley
HTC,53.425556,-2.179046,Heaton Chapel
HTE,51.610054,-0.369499,Hatch End
HTF,53.241721,-2.553978,Hartford
HTH,53.34639,-2.213263,Handforth
HTN,52.295242,-1.672982,Hatton
HTO,53.525272,-3.057407,Hightown
HTW,55.810532,-3.839792,Hartwood
HTY,53.445126,-2.040324,Hattersley
HUB,54.17429,-0.314737,Hunmanby
HUD,53.648407,-1.785142,Huddersfield
HUL,53.744144,-0.345645,Hull
HUN,52.328613,-0.192047,Huntingdon
HUP,53.452321,-2.327363,Humphrey Park
HUR,51.244545,0.004397,Hurst Green
HUT,53.955669,-0.43331,Hutton Cranswick
HUY,53.409813,-2.842991,Huyton
HVF,51.802601,-4.960279,Haverfordwest
HVN,53.114548,0.272619,Havenhouse
HWB,53.218971,-3.031866,Hawarden Bridge
HWC,51.944157,1.285469,Harwich Town
HWD,53.185703,-3.032561,Hawarden
HWH,54.967972,-2.462321,Haltwhistle
HWI,53.579948,-2.543712,Horwich Parkway
HWM,51.790878,0.131497,Harlow Mill
HWN,51.781639,0.094804,Harlow Town
HWV,51.47,-0.48,Heathrow Terminal 5 Rail
HWW,51.717697,-0.344594,How Wood
HWY,51.629793,-0.745139,High Wycombe
HXM,52.715084,1.408312,Hoveton & Wroxham
HXX,51.471,-0.456,Heathrow Terminals 2 & 3 Rail
HYB,52.101383,-1.834989,Honeybourne
HYC,53.451682,-2.085149,Hyde Central
HYD,51.91902,-1.299262,Heyford
HYH,51.885281,0.926539,Hythe
HYK,53.390202,-3.178861,Hoylake
HYL,50.186176,-5.419558,Hayle
HYM,55.945854,-3.218458,Haymarket
HYN,55.879803,-4.314715,Hyndland
HYR,51.425755,-0.189073,Haydons Road
HYS,51.375744,0.010123,Hayes (Kent)
HYT,53.464306,-2.085829,Hyde North
HYW,51.374939,-0.340508,Hinchley Wood
IFD,51.559078,0.068699,Ilford
IFI,51.115902,-0.215505,Ifield
IGD,57.688587,-4.175563,Invergordon
ILK,53.925304,-1.821799,Ilkley
ILN,52.9794,-1.2949,Ilkeston
IMW,51.475134,-0.183026,Imperial Wharf
INC,53.538975,-2.611865,Ince
INE,53.276736,-2.816234,Ince & Elton
ING,56.456795,-3.057897,Invergowrie
INH,57.925362,-4.399288,Invershin
INK,56.034725,-3.39621,Inverkeithing
INP,55.905781,-4.873089,Inverkip
INR,57.286343,-2.373224,Inverurie
INS,57.33749,-2.616279,Insch
INT,51.667301,0.384556,Ingatestone
INV,57.480194,-4.223199,Inverness
IPS,52.050552,1.144481,Ipswich
IRL,53.434172,-2.432989,Irlam
IRV,55.610916,-4.675196,Irvine
ISL,51.474709,-0.33689,Isleworth
ISP,51.82571,-1.238185,Islip
IVA,57.5335,-4.0552,Inverness Airport
IVR,51.508342,-0.506659,Iver
IVY,50.393515,-3.904954,Ivybridge
JCH,54.5515,-1.2076,James Cook University Hospital
JEQ,52.489514,-1.913522,Jewellery Quarter
JHN,55.834759,-4.50369,Johnstone
JOH,51.756714,-4.996407,Johnston
JOR,55.882282,-4.326053,Jordanhill
KBC,58.258408,-3.941063,Kinbrace
KBF,54.232426,-3.187398,Kirkby-In-Furness
KBK,54.172967,-2.925351,Kents Bank
KBN,51.537312,-0.19186,Kilburn High Road
KBW,51.86636,-0.187406,Knebworth
KBX,51.840897,1.214045,Kirby Cross
KCK,51.34573,0.130865,Knockholt
KDB,51.462662,0.028331,Kidbrooke
KDG,53.086555,-2.244828,Kidsgrove
KDY,56.112579,-3.167445,Kirkcaldy
KEH,57.550976,-2.954062,Keith
KEI,53.86787,-1.90112,Keighley
KEL,51.841202,0.701529,Kelvedon
KEM,51.67622,-2.023115,Kemble
KEN,54.332108,-2.739667,Kendal
KET,52.393177,-0.731724,Kettering
KEY,50.389687,-4.179095,Keyham
KGE,55.919323,-3.265634,Kingsknowe
KGH,56.069389,-3.174161,Kinghorn
KGL,51.70631,-0.438411,Kings Langley
KGM,51.902222,-1.629331,Kingham
KGN,50.935921,-3.905634,Kings Nympton
KGP,55.819935,-4.247294,Kings Park
KGS,52.020184,-1.280066,Kings Sutton
KGT,51.732071,-4.715219,Kilgetty
KGX,51.530827,-0.122907,London Kings Cross
KID,52.384457,-2.239458,Kidderminster
KIH,52.431410,-1.892970,Kings Heath
KIL,58.171432,-3.869993,Kildonan
KIN,57.07785,-4.052227,Kingussie
KIR,53.486619,-2.902021,Kirkby
KIT,51.40247,-1.445059,Kintbury
KIV,53.340729,-1.265524,Kiveton Bridge
KKB,53.099758,-1.253278,Kirkby in Ashfield
KKD,53.440896,-2.981093,Kirkdale
KKH,55.814156,-4.168751,Kirkhill
KKM,53.787373,-2.881834,Kirkham & Wesham
KKN,55.888744,-3.432526,Kirknewton
KKS,53.56347,-1.075006,Kirk Sandall
KLD,54.477268,-1.067829,Kildale
KLF,53.826,-1.62,Kirkstall Forge
KLM,55.636425,-4.532331,Kilmaurs
KLN,52.754108,0.403475,Kings Lynn
KLY,51.324547,-0.101199,Kenley
KMH,52.092026,-0.505266,Kempston Hardwick
KMK,55.612835,-4.499048,Kilmarnock
KML,51.361996,0.733559,Kemsley
KMP,51.421757,-0.40929,Kempton Park
KMS,51.297684,0.247716,Kemsing
KNA,54.008755,-1.470482,Knaresborough
KND,51.294807,-0.211439,Kingswood
KNE,52.277523,0.490482,Kennett
KNF,53.301956,-2.372101,Knutsford
KNG,51.412155,-0.301768,Kingston
KNI,52.345043,-3.042232,Knighton
KNL,51.530602,-0.223847,Kensal Green
KNN,52.413456,-1.933801,Kings Norton
KNO,53.706528,-1.259172,Knottingley
KNR,51.534157,-0.220811,Kensal Rise
KNS,55.813099,-4.325119,Kennishead
KNT,51.581436,-0.317123,Kenton
KNU,52.359833,-3.096907,Knucklas
KNW,52.3429,-1.5726,Kenilworth
KPA,51.497753,-0.210189,Kensington Olympia
KPT,55.924755,-4.453454,Kilpatrick
KRK,55.38834,-3.998533,Kirkconnel
KSL,53.54419,-2.375032,Kearsley
KSN,51.149399,1.271566,Kearsney
KSW,54.455135,-2.368603,Kirkby Stephen
KTH,51.412659,-0.045786,Kent House
KTL,53.484829,-0.593886,Kirton Lindsey
KTN,51.550338,-0.140446,Kentish Town
KTR,57.243611,-2.350278,Kintore
KTW,51.546501,-0.146778,Kentish Town West
KVD,55.8933,-4.3106,Kelvindale
KVP,53.336975,-1.240052,Kiveton Park
KWB,51.489311,-0.288827,Kew Bridge
KWD,55.85577,-4.048037,Kirkwood
KWG,51.477558,-0.284949,Kew Gardens
KWL,51.734299,-4.317046,Kidwelly
KWN,55.655994,-4.710071,Kilwinning
KYL,57.280567,-5.713067,Kyle of Lochalsh
KYN,51.417122,-2.49465,Keynsham
LAC,50.827015,-0.323103,Lancing
LAD,51.456291,-0.019445,Ladywell
LAG,53.232885,-1.208882,Langwith - Whaley Thorns
LAI,51.567566,0.424063,Laindon
LAK,52.447456,0.533911,Lakenheath
LAM,51.667145,-4.873332,Lamphey
LAN,54.048553,-2.807934,Lancaster
LAP,50.857384,-3.811489,Lapford
LAR,55.792637,-4.867942,Largs
LAS,51.660973,-3.892526,Llansamlet
LAU,56.835945,-2.466345,Laurencekirk
LAW,52.657101,-2.020659,Landywood
LAY,53.835625,-3.030249,Layton
LBG,51.505035,-0.085058,London Bridge
LBK,52.293964,-1.086469,Long Buckby
LBO,52.779327,-1.194952,Loughborough
LBR,52.820835,-4.110252,Llanbedr
LBT,56.022751,-3.830604,Larbert
LBZ,51.916046,-0.676874,Leighton Buzzard
LCC,57.621277,-4.809628,Lochluichart
LCG,56.13538,-3.312958,Lochgelly
LCK,53.635849,-1.800335,Lockwood
LCL,56.881035,-5.663456,Lochailort
LCN,53.227089,-0.540922,Lincoln Central
LCS,56.855473,-5.290086,Locheilside
LDN,52.835865,-4.124342,Llandanwg
LDS,53.795158,-1.549089,Leeds
LDY,56.273834,-3.122284,Ladybank
LEA,51.905304,-0.459139,Leagrave
LEB,51.5672,-0.00363,Lea Bridge
LED,52.044991,-2.425728,Ledbury
LEE,51.449432,0.013364,Lee
LEG,53.42709,-2.72386,Lea Green
LEH,52.480709,-1.786457,Lea Hall
LEI,52.631397,-1.125274,Leicester
LEL,50.183887,-5.436207,Lelant
LEM,51.569393,-0.007313,Leyton Midland Road
LEN,51.233986,0.707337,Lenham
LEO,52.225109,-2.730506,Leominster
LER,51.563725,0.008304,Leytonstone High Road
LES,51.541309,0.640454,Leigh-on-Sea
LET,51.980305,-0.229403,Letchworth Garden City
LEU,56.375427,-2.893734,Leuchars
LEV,56.1923,-3.002,Leven
LEW,51.466099,-0.014703,Lewisham
LEY,53.69886,-2.687101,Leyland
LFD,51.176392,-0.007151,Lingfield
LGB,55.924725,-4.586326,Langbank
LGD,52.621872,1.489735,Lingwood
LGE,52.885105,-1.288114,Long Eaton
LGF,51.396496,0.299994,Longfield
LGG,52.494385,-2.005857,Langley Green
LGJ,51.46666,-0.102499,Loughborough Junction
LGK,54.592896,-1.028041,Longbeck
LGM,53.018236,-1.330982,Langley Mill
LGN,52.990013,-2.137216,Longton
LGO,52.350227,-3.161273,Llangynllo
LGS,55.821175,-4.277696,Langside
LGW,54.694744,-2.662457,Langwathby
LHA,56.402481,-5.040117,Loch Awe
LHD,51.298397,-0.333225,Leatherhead
LHE,56.855343,-5.191638,Loch Eil Outward Bound
LHM,54.459885,-0.826027,Lealholm
LHO,53.804934,-2.447934,Langho
LHS,51.51239,-0.040071,Limehouse
LHW,55.786549,-4.617038,Lochwinnoch
LIC,52.680347,-1.825431,Lichfield City
LID,52.041385,-0.558972,Lidlington
LIH,51.194057,0.211179,Leigh (Kent)
LIN,55.975689,-3.596,Linlithgow
LIP,51.071213,-0.801027,Liphook
LIS,51.044254,-0.893023,Liss
LIT,50.810226,-0.546547,Littlehampton
LIV,53.407299,-2.977746,Liverpool Lime Street
LKE,50.64814,-1.16686,Lake
LLA,52.741375,-4.078263,Llanaber
LLC,52.920666,-4.057092,Llandecwyn
LLD,53.320911,-3.827043,Llandudno
LLE,51.673405,-4.162068,Llanelli
LLF,53.257278,-3.983256,Llanfairfechan
LLG,51.940639,-3.892638,Llangadog
LLH,51.691093,-4.078988,Llangennech
LLI,51.820099,-4.003658,Llandybie
LLJ,53.283953,-3.809102,Llandudno Junction
LLL,51.885117,-3.987662,Llandeilo
LLM,52.113724,-3.55528,Llangammarch
LLN,51.507942,-3.229076,Llandaf
LLO,52.242687,-3.37963,Llandrindod
LLR,51.53759,-3.4408,Llanharan
LLS,51.533592,-3.182181,Llanishen
LLT,52.336231,-3.212283,Llanbister Road
LLV,51.99509,-3.803163,Llandovery
LLW,52.66658,-4.088024,Llwyngwril
LLY,51.633957,-3.453557,Llwynypia
LMR,53.74924,-1.750517,Low Moor
LMS,52.284893,-1.536723,Leamington Spa
LNB,51.60321,-3.233085,Llanbradach
LND,55.976524,-2.889308,Longniddry
LNG,51.384556,-0.594536,Longcross
LNK,55.673119,-3.772901,Lanark
LNR,51.962551,-3.871719,Llanwrda
LNW,52.104584,-3.632354,Llanwrtyd
LNY,51.508011,-0.541747,Langley
LNZ,55.921364,-4.153932,Lenzie
LOB,52.396385,-1.980861,Longbridge
LOC,55.123085,-3.353242,Lockerbie
LOF,51.541454,-0.057574,London Fields
LOH,53.724316,-2.687069,Lostock Hall
LOO,50.359234,-4.456029,Looe
LOS,50.40744,-4.665497,Lostwithiel
LOT,53.572969,-2.494276,Lostock
LOW,53.007072,-0.998465,Lowdham
LPG,53.22094,-4.209263,Llanfairpwll
LPR,54.017115,-2.254533,Long Preston
LPT,53.041656,-2.21623,Longport
LPW,52.341232,-1.72549,Lapworth
LPY,53.3577,-2.8897,Liverpool South Parkway
LRB,50.836773,-0.136696,London Road (Brighton)
LRD,51.24067,-0.56506,London Road (Guildford)
LRG,58.001701,-4.401,Lairg
LRH,55.739258,-3.974445,Larkhall
LSK,50.446711,-4.46753,Liskeard
LSN,55.901736,-3.543357,Livingston North
LST,51.517551,-0.08021,London Liverpool Street
LSW,53.408035,-3.099624,Leasowe
LSY,51.425056,-0.033746,Lower Sydenham
LTG,53.267677,-2.465197,Lostock Gralam
LTH,51.700339,-3.137033,Llanhilleth
LTK,51.752014,-0.809152,Little Kimble
LTL,53.642988,-2.094698,Littleborough
LTM,53.739101,-2.964206,Lytham
LTN,51.871159,-0.393485,Luton Airport Parkway
LTP,52.462696,0.316905,Littleport
LTS,50.17923,-5.441468,Lelant Saltings
LTT,53.285537,-2.943134,Little Sutton
LTV,52.6869,-1.800014,Lichfield Trent Valley
LUD,52.370853,-2.715275,Ludlow
LUT,51.882233,-0.414881,Luton
LUX,50.390244,-4.747551,Luxulyan
LVC,53.40525,-2.977841,Liverpool Central
LVG,55.871712,-3.503823,Livingston South
LVJ,53.404748,-2.991993,James Street
LVM,53.444405,-2.192676,Levenshulme
LVN,51.079514,-0.308276,Littlehaven
LVT,51.544357,-3.185344,Lisvane & Thornhill
LWH,51.458168,-2.564183,Lawrence Hill
LWM,51.40623,-3.47503,Llantwit Major
LWR,53.14401,-3.802844,Llanrwst
LWS,50.870281,0.012455,Lewes
LWT,52.473618,1.749009,Lowestoft
LYC,50.661121,-3.438876,Lympstone Commando
LYD,51.714584,-2.531189,Lydney
LYE,52.459267,-2.116233,Lye
LYM,50.648621,-3.431419,Lympstone Village
LYP,50.758083,-1.529275,Lymington Pier
LYT,50.760818,-1.537753,Lymington Town
LZB,54.750233,-2.702207,Lazonby & Kirkoswald
MAC,53.259331,-2.121397,Macclesfield
MAG,53.506464,-2.930828,Maghull
MAI,51.518601,-0.722464,Maidenhead
MAL,51.384579,-0.261118,Malden Manor
MAN,53.476704,-2.228991,Manchester Piccadilly
MAO,51.406689,-0.720386,Martins Heron
MAR,51.384926,1.371737,Margate
MAS,54.972698,-1.606296,Manors
MAT,53.138126,-1.558988,Matlock
MAU,53.432984,-2.209325,Mauldeth Road
MAX,55.837124,-4.289813,Maxwell Park
MAY,55.354485,-4.686269,Maybole
MBK,50.911434,-1.433848,Millbrook (Hants)
MBR,54.579086,-1.232596,Middlesbrough
MBT,50.704,-3.521,Marsh Barton
MCB,50.844616,-0.12076,Moulsecoomb
MCE,54.958492,-1.662656,Metrocentre
MCH,52.560432,0.090409,March
MCM,54.070322,-2.869379,Morecambe
MCN,52.595844,-3.854311,Machynlleth
MCO,53.47398,-2.242531,Manchester Oxford Road
MCV,53.487465,-2.242607,Manchester Victoria
MDB,51.277288,0.514148,Maidstone Barracks
MDE,51.277729,0.520618,Maidstone East
MDG,51.395805,-1.177683,Midgham
MDL,53.359142,-2.084111,Middlewood
MDN,50.780128,-2.568749,Maiden Newton
MDS,51.396248,-0.200299,Morden South
MDW,51.270943,0.515975,Maidstone West
MEC,53.645519,-2.975696,Meols Cop
MEL,52.090687,0.00853,Meldreth
MEN,50.426183,-4.40938,Menheniot
MEO,53.399356,-3.15431,Meols
MEP,51.386368,0.356977,Meopham
MER,51.745476,-3.377458,Merthyr Tydfil
MES,52.103683,1.338085,Melton
MEV,51.686607,-3.336622,Merthyr Vale
MEW,51.605297,-3.649038,Maesteg (Ewenny Road)
MEX,53.490986,-1.28855,Mexborough
MEY,55.749013,-3.978667,Merryton
MFA,52.7071,-4.032224,Morfa Mawddach
MFF,52.926464,-4.085625,Minffordd
MFH,51.715977,-5.041485,Milford Haven
MFL,55.826859,-4.262067,Mount Florida
MFT,53.142232,-1.198192,Mansfield
MGM,53.138866,-0.391421,Metheringham
MGN,52.467159,-1.755616,Marston Green
MHM,51.264164,-0.149555,Merstham
MHR,52.480366,-0.908868,Market Harborough
MHS,53.417046,-1.411669,Meadowhall
MIA,53.361568,-2.268941,Manchester Airport
MIC,51.182034,-1.260283,Micheldever
MIH,53.551393,-2.171484,Mills Hill
MIJ,51.392887,-0.157308,Mitcham Junction
MIK,53.788715,-1.324507,Micklefield
MIL,51.612823,-0.249522,Mill Hill Broadway
MIM,51.992336,-1.7014,Moreton-In-Marsh
MIN,55.825157,-4.533405,Milliken Park
MIR,53.671577,-1.692696,Mirfield
MIS,51.943417,1.080205,Mistley
MKC,52.034357,-0.77341,Milton Keynes Central
MKM,51.379803,-2.14449,Melksham
MKR,53.384441,-0.337075,Market Rasen
MKT,51.880695,0.782372,Marks Tey
MLB,52.053822,-0.532724,Millbrook (Bedfordshire)
MLD,53.231976,-2.732546,Mouldsworth
MLF,51.163849,-0.63701,Milford (Surrey)
MLG,57.005497,-5.8306,Mallaig
MLH,53.735433,-2.501433,Mill Hill (Lancs)
MLM,54.210831,-3.271108,Millom
MLN,55.94091,-4.315152,Milngavie
MLT,54.13155,-0.798593,Malton
MLW,51.570995,-0.766452,Marlow
MLY,53.75037,-1.592033,Morley
MMO,52.760643,-0.885564,Melton Mowbray
MNC,56.200069,-3.131414,Markinch
MNE,52.497692,0.178779,Manea
MNG,51.948818,1.045653,Manningtree
MNN,53.891895,-1.735205,Menston
MNP,51.552296,0.045309,Manor Park
MNR,53.394772,-3.171468,Manor Road
MNS,53.5167,-2.9213,Maghull North
MOB,53.329941,-2.333309,Mobberley
MOG,51.5186,-0.09027,Moorgate
MON,56.480167,-2.818249,Monifieth
MOO,57.518017,-4.460981,Muir of Ord
MOR,51.371941,-1.035979,Mortimer
MOS,53.764431,-2.943548,Moss Side
MOT,51.395042,-0.23916,Motspur Park
MOV,52.445820,-1.884510,Moseley Village
MPK,55.838947,-4.336232,Mosspark
MPL,53.400763,-2.057168,Marple
MPT,55.162537,-1.682903,Morpeth
MRB,51.660114,-4.7919,Manorbier
MRD,50.831841,-3.776424,Morchard Road
MRF,53.408534,-2.989182,Moorfields
MRN,51.175785,0.49359,Marden
MRP,53.594452,-1.304952,Moorthorpe
MRR,56.969788,-5.821991,Morar
MRS,51.735134,-0.829882,Monks Risborough
MRT,53.407917,-3.113156,Moreton (Merseyside)
MRW,51.61,-0.0501,Meridian Water
MRY,54.711597,-3.494738,Maryport
MSD,53.516354,-2.35146,Moorside
MSH,53.379025,-2.915464,Mossley Hill
MSK,54.587433,-1.018892,Marske
MSL,53.514963,-2.041263,Mossley (Manchester)
MSN,53.602737,-1.93197,Marsden
MSO,53.52264,-2.171925,Moston
MSR,51.329807,1.317431,Minster
MSS,53.55604,-2.400931,Moses Gate
MST,51.610607,-3.655003,Maesteg
MSW,53.1636,-1.201651,Mansfield Woodhouse
MTA,51.683422,-3.378478,Mountain Ash
MTB,53.121941,-1.55766,Matlock Bath
MTC,51.407725,-0.154764,Mitcham Eastfields
MTG,51.439804,0.050353,Mottingham
MTH,55.791927,-3.995234,Motherwell
MTL,51.468288,-0.266575,Mortlake
MTM,51.170593,1.348907,Martin Mill
MTN,50.701057,-2.312914,Moreton (Dorset)
MTO,54.543808,-1.197708,Marton
MTP,51.468205,-2.588525,Montpelier
MTS,56.71286,-2.47207,Montrose
MTV,55.839882,-4.136638,Mount Vernon
MUB,55.930225,-3.062719,Musselburgh
MUF,53.463056,-2.291389,Manchester United Football Club
MUI,55.810459,-4.273888,Muirend
MVL,52.12534,-2.31987,Malvern Link
MYB,51.52248,-0.163605,London Marylebone
MYH,55.898026,-4.301396,Maryhill
MYL,51.545784,0.006075,Maryland
MYT,53.729496,-1.981773,Mytholmroyd
MZH,51.482883,0.003311,Maze Hill
NAN,53.063533,-2.518868,Nantwich
NAR,51.800156,-4.726567,Narberth
NAY,54.613171,-1.5881,Newton Aycliffe
NBA,51.648521,-0.172972,New Barnet
NBC,51.416988,-0.035525,New Beckenham
NBE,51.665686,-3.142116,Newbridge
NBN,53.43726,-3.049191,New Brighton
NBR,52.571712,-1.20318,Narborough
NBT,51.411907,-0.284525,Norbiton
NBW,56.057545,-2.728989,North Berwick
NBY,51.397599,-1.322608,Newbury
NCE,53.574455,-0.060771,New Clee
NCK,55.402271,-4.182457,New Cumnock
NCL,54.968243,-1.617264,Newcastle
NCM,51.275517,-0.731195,North Camp
NCO,50.705418,-3.47259,Newcourt
NCT,53.079987,-0.813151,Newark Castle
NDL,51.454712,-0.087163,North Dulwich
NEG,55.865652,-3.066151,Newtongrange
NEH,51.437649,0.0704,New Eltham
NEI,55.782364,-4.426945,Neilston
NEL,53.834469,-2.214223,Nelson
NEM,51.403393,-0.256084,New Malden
NES,53.292419,-3.063769,Neston
NET,52.960972,-1.078427,Netherfield
NEW,55.932619,-3.091582,Newcraighall
NFA,51.64859,0.681703,North Fambridge
NFD,52.408073,-1.96469,Northfield
NFL,51.446384,0.324092,Northfleet - Cooper Arms
NFN,54.011684,-0.386948,Nafferton
NGT,51.353733,0.66269,Newington
NHD,51.466747,-0.053546,Nunhead
NHE,51.312401,0.455075,New Hythe
NHL,53.702106,-0.360936,New Holland
NIT,55.811531,-4.360126,Nitshill
NLN,53.611298,-2.86758,New Lane
NLR,53.141348,-3.792723,North Llanrwst
NLS,51.419357,-2.750661,Nailsea & Backwell
NLT,51.557762,-0.359827,Northolt Park
NLW,53.452873,-2.614369,Newton-Le-Willows
NMC,53.364567,-2.007485,New Mills Central
NMK,52.237904,0.406249,Newmarket
NMN,53.359169,-2.00898,New Mills Newtown
NMP,52.237433,-0.906689,Northampton
NMT,52.156437,1.051047,Needham Market
NNG,53.082542,-0.799644,Newark Northgate
NNP,51.475861,-3.200846,Ninian Park
NNT,54.528347,-1.170195,Nunthorpe
NOA,55.473541,-4.62632,Newton-On-Ayr
NOP,55.033,-1.52,Northumberland Park (Tyne and Wear)
NOR,53.700249,-1.424378,Normanton
NOT,52.946905,-1.146441,Nottingham
NPD,53.804573,-1.679581,New Pudsey
NQU,56.013168,-3.395426,North Queensferry
NQY,50.415245,-5.075769,Newquay
NRB,51.411236,-0.123492,Norbury
NRC,51.39814,-1.308549,Newbury Racecourse
NRD,54.536667,-1.554856,North Road
NRN,57.580227,-3.873024,Nairn
NRT,54.456699,-3.566201,Nethertown
NRW,52.627121,1.306879,Norwich
NSB,50.825382,0.389669,Normans Bay
NSD,53.069961,-1.222036,Newstead
NSG,51.613876,-0.142586,New Southgate
NSH,51.464977,-0.285423,North Sheen
NTA,50.529507,-3.599957,Newton Abbot
NTB,52.865513,-2.190102,Norton Bridge
NTC,50.77879,-3.588594,Newton St Cyres
NTH,51.662315,-3.807267,Neath
NTL,50.874977,-1.341913,Netley
NTN,55.819256,-4.133907,Newton
NTR,54.333084,-1.441718,Northallerton
NUF,51.22702,-0.132425,Nutfield
NUM,51.601643,-0.053558,Northumberland Park (London)
NUN,52.526436,-1.463431,Nuneaton
NUT,50.846313,-0.883508,Nutbourne
NVH,50.790398,0.054433,Newhaven Harbour
NVN,50.794888,0.054627,Newhaven Town
NVR,53.395412,-2.3435,Navigation Road
NWA,52.817383,1.385142,North Walsham
NWB,51.562355,-0.303394,North Wembley
NWD,51.396965,-0.075201,Norwood Junction
NWE,51.97995,0.216176,Newport (Essex)
NWH,55.103279,-1.524313,Newsham
NWI,53.261414,-2.496815,Northwich
NWM,50.755836,-1.658313,New Milton
NWN,53.45623,-2.067735,Newton for Hyde
NWP,51.590145,-2.998873,Newport (South Wales)
NWR,57.059673,-4.118831,Newtonmore
NWT,52.512291,-3.311432,Newtown (Powys)
NWX,51.476299,-0.032984,New Cross
NXG,51.475544,-0.041655,New Cross Gate
OBN,56.411758,-5.473841,Oban
OCK,51.521687,0.290439,Ockendon
OHL,52.470993,-2.055913,Old Hill
OKE,50.731679,-3.988267,Okehampton
OKL,51.637627,-0.166189,Oakleigh Park
OKM,52.671913,-0.734019,Oakham
OKN,52.693104,-2.451245,Oakengates
OLD,51.525776,-0.088515,Old Street
OLF,51.37978,-2.380742,Oldfield Park
OLT,52.43848,-1.804313,Olton
OLY,51.150955,-0.335692,Ockley
OMS,53.569014,-2.881615,Ormskirk
OPK,53.461991,-2.962908,Orrell Park
ORE,50.866959,0.590783,Ore
ORN,53.486871,-2.951095,Old Roan
ORP,51.373463,0.089049,Orpington
ORR,53.530548,-2.709028,Orrell
OTF,51.312141,0.196757,Otford
OUN,52.478226,1.716998,Oulton Broad North
OUS,52.469528,1.707425,Oulton Broad South
OUT,53.714115,-1.512068,Outwood
OVE,53.284155,-2.924788,Overpool
OVR,51.253971,-1.25913,Overton
OXF,51.753549,-1.270037,Oxford
OXN,54.305169,-2.722249,Oxenholme Lake District
OXP,51.8042,-1.2745,Oxford Parkway
OXS,51.336578,-0.361993,Oxshott
OXT,51.257298,-0.005075,Oxted
PAD,51.516014,-0.176049,London Paddington
PAL,51.618736,-0.109164,Palmers Green
PAN,51.485231,-1.090522,Pangbourne
PAR,50.355263,-4.704752,Par
PAT,53.484745,-2.357919,Patricroft
PBL,53.590856,-2.770679,Parbold
PBO,52.574947,-0.24981,Peterborough
PBR,51.697392,-0.192715,Potters Bar
PBY,51.683487,-4.247899,Pembrey & Burry Port
PCD,51.524567,-3.50053,Pencoed
PCN,55.840878,-4.422606,Paisley Canal
PDG,53.405514,-2.556521,Padgate
PDW,51.182453,0.389485,Paddock Wood
PEA,52.89684,-1.473198,Peartree
PEB,50.818249,0.342453,Pevensey Bay
PEG,55.178616,-1.64509,Pegswood
PEM,53.530427,-2.670225,Pemberton
PEN,51.435669,-3.173908,Penarth
PER,51.671906,-3.363662,Penrhiwceiber
PES,52.830692,-4.112216,Pensarn
PET,51.388996,0.075393,Petts Wood
PEV,50.815899,0.325291,Pevensey & Westham
PEW,51.342411,-1.771691,Pewsey
PFL,51.481358,0.236575,Purfleet
PFM,53.698711,-1.304749,Pontefract Monkhill
PFR,53.691517,-1.303355,Pontefract Baghill
PFY,53.848128,-2.990212,Poulton-Le-Fylde
PGM,51.670681,-3.230578,Pengam
PGN,50.434658,-3.564361,Paignton
PHG,52.545212,-4.035051,Penhelig
PHR,51.197449,0.174125,Penshurst
PIL,51.556502,-2.627192,Pilning
PIN,50.738079,-3.469582,Pinhoe
PIR,52.429990,-1.909660,Pineapple Road
PIT,56.70256,-3.736085,Pitlochry
PKG,52.723611,-2.119447,Penkridge
PKS,50.723049,-1.94897,Parkstone (Dorset)
PKT,51.725651,-0.340727,Park Street
PLC,51.156578,0.748571,Pluckley
PLD,50.836044,-0.204898,Portslade
PLE,55.841103,-4.269287,Pollokshields East
PLG,50.820934,0.251705,Polegate
PLK,57.333172,-5.666848,Plockton
PLM,53.274809,-2.419615,Plumley
PLN,57.060455,-2.128577,Portlethen
PLS,53.730961,-2.544142,Pleasington
PLT,51.74659,-3.278995,Pontlottyn
PLU,51.48959,0.082828,Plumstead
PLW,55.83736,-4.277043,Pollokshields West
PLY,50.377762,-4.143386,Plymouth
PMA,50.956768,-3.950633,Portsmouth Arms
PMB,51.673546,-4.905563,Pembroke
PMD,51.69434,-4.93729,Pembroke Dock
PMH,50.796097,-1.108895,Portsmouth Harbour
PMP,50.929066,-0.060435,Plumpton
PMR,51.470585,-0.067782,Peckham Rye
PMS,50.797756,-1.090417,Portsmouth & Southsea
PMT,55.984856,-3.716614,Polmont
PMW,53.270635,-3.923514,Penmaenmawr
PNA,51.65905,-4.72243,Penally
PNC,52.903,-4.33845,Penychain
PNE,51.419125,-0.055566,Penge East
PNF,53.143253,-3.055472,Penyffordd
PNL,53.958687,-1.533605,Pannal
PNM,50.149736,-5.083108,Penmere
PNR,54.661831,-2.758044,Penrith
PNS,53.525757,-1.62134,Penistone
PNW,51.417419,-0.061402,Penge West
PNY,52.273914,-3.321972,Pen-Y-Bont
PNZ,50.12162,-5.532489,Penzance
POK,50.731022,-1.82568,Pokesdown
POL,50.731274,-3.501785,Polsloe Bridge
PON,51.642693,-0.034453,Ponders End
POO,50.718559,-1.982964,Poole
POP,53.976345,-1.147657,Poppleton
POR,51.61203,-3.408079,Porth
POT,53.694313,-1.319964,Pontefract Tanshelf
PPD,51.599312,-3.342715,Pontypridd
PPK,55.890717,-4.259381,Possilpark & Parkhouse
PPL,51.697926,-3.014277,Pontypool and New Inn
PRA,55.511513,-4.616166,Prestwick International Airport
PRB,53.293465,-2.14549,Prestbury
PRE,53.755721,-2.707191,Preston
PRH,52.928623,-4.064905,Penrhyndeudraeth
PRI,51.488611,-2.688056,Portway Park & Ride
PRL,51.550476,0.71167,Prittlewell
PRN,54.569795,-3.580867,Parton
PRP,50.846054,-0.154787,Preston Park
PRR,51.717697,-0.844059,Princes Risborough
PRS,52.89962,-2.689765,Prees
PRT,53.336491,-3.407164,Prestatyn
PRU,54.966072,-1.864077,Prudhoe
PRW,50.216431,-5.111868,Perranwell
PRY,52.516361,-1.90196,Perry Barr
PSC,53.423535,-2.799022,Prescot
PSE,51.560387,0.508806,Pitsea
PSH,52.130249,-2.071555,Pershore
PSL,53.349123,-2.998248,Port Sunlight
PSN,51.432758,-2.60991,Parson Street
PST,55.953426,-2.973665,Prestonpans
PSW,52.625893,-1.60995,Polesworth
PTA,51.591671,-3.781362,Port Talbot Parkway
PTB,51.724976,-3.362362,Pentre-Bach
PTC,50.848389,-1.126361,Portchester
PTD,51.716866,-4.045417,Pontarddulais
PTF,51.778835,-3.997481,Pantyffynnon
PTG,55.9342,-4.689432,Port Glasgow
PTH,56.39275,-3.440068,Perth
PTK,55.869987,-4.310921,Partick
PTL,55.812737,-4.344246,Priesthill & Darnley
PTM,52.930954,-4.136431,Porthmadog
PTR,51.006924,-0.940951,Petersfield
PTT,55.790443,-4.334935,Patterton
PTW,55.501675,-4.613935,Prestwick Town
PUL,50.957355,-0.517751,Pulborough
PUO,51.346989,-0.098843,Purley Oaks
PUR,51.337334,-0.113592,Purley
PUT,51.46125,-0.216463,Putney
PWE,55.824589,-4.287476,Pollokshaws East
PWL,52.887825,-4.416754,Pwllheli
PWW,55.824318,-4.301826,Pollokshaws West
PWY,51.52578,-2.562647,Patchway
PYC,51.524113,-3.390959,Pontyclun
PYE,51.579513,-3.038295,Pye Corner
PYG,55.848026,-4.424646,Paisley Gilmour Street
PYJ,55.852165,-4.442486,Paisley St James
PYL,51.527199,-3.702439,Pyle
PYN,50.170206,-5.110885,Penryn
PYP,53.065033,-3.862462,Pont-Y-Pant
PYT,53.350398,-2.13448,Poynton
QBR,51.416473,0.749756,Queenborough
QPK,55.835747,-4.267368,Queens Park (Glasgow)
QPW,51.533916,-0.204966,Queens Park (London)
QRB,51.474552,-0.146819,Queenstown Road (Battersea)
QRP,51.47401,-0.057553,Queens Road Peckham
QUI,50.403908,-5.029838,Quintrell Downs
QYD,51.660686,-3.322844,Quakers Yard
RAD,51.685588,-1.240398,Radley
RAI,51.36657,0.611698,Rainham (Kent)
RAM,51.340767,1.405833,Ramsgate
RAN,56.685318,-4.576208,Rannoch
RAU,52.985081,-0.455247,Rauceby
RAV,54.355804,-3.409456,Ravenglass for Eskdale
RAY,51.409294,-0.22998,Raynes Park
RBR,50.984726,0.469092,Robertsbridge
RCA,51.60443,-3.093533,Risca & Pontymister
RCC,54.615692,-1.069318,Redcar Central
RCD,53.610293,-2.153444,Rochdale
RCE,54.609257,-1.05088,Redcar East
RDA,51.468792,-2.598875,Redland
RDB,50.919697,-1.470737,Redbridge
RDC,52.306337,-1.945248,Redditch
RDD,51.332611,-0.099436,Riddlesdown
RDF,52.948906,-1.031059,Radcliffe (Nottinghamshire)
RDG,51.458767,-0.972172,Reading
RDH,51.240124,-0.164851,Redhill
RDM,54.949066,-1.97186,Riding Mill
RDN,53.448956,-2.15656,Reddish North
RDR,51.515831,-3.248028,Radyr
RDS,53.435873,-2.159028,Reddish South
RDT,51.68486,-0.317626,Radlett
RDW,51.455077,-0.990143,Reading West
REC,51.55872,-0.068379,Rectory Road
RED,50.233111,-5.225877,Redruth
REE,52.564045,1.558941,Reedham (Norfolk)
REI,51.241623,-0.203474,Reigate
RET,53.315872,-0.94772,Retford
RFD,51.581276,0.701959,Rochford
RFY,53.372269,-3.010898,Rock Ferry
RGL,52.769451,-1.930309,Rugeley Trent Valley
RGP,51.426667,-1.001389,Reading Green Park
RGT,52.754672,-1.936963,Rugeley Town
RGW,53.787868,-2.47657,Ramsgreave & Wilpshire
RHD,54.205776,-2.36087,Ribblehead
RHI,51.520687,-3.213561,Rhiwbina
RHL,53.318409,-3.489144,Rhyl
RHM,51.332108,-0.123854,Reedham (London)
RHO,53.234782,-4.505768,Rhosneigr
RHY,51.759064,-3.289494,Rhymney
RIA,51.387454,-3.347599,Rhoose Cardiff Airport
RIC,51.640447,-0.473013,Rickmansworth
RID,52.026588,-0.594903,Ridgmont
RIL,53.457738,-2.962253,Rice Lane
RIS,53.763813,-2.420165,Rishton
RKT,53.041615,-0.380127,Ruskington
RLG,51.589851,0.601393,Rayleigh
RLN,50.892864,-0.957748,Rowlands Castle
RMB,53.044319,-3.92125,Roman Bridge
RMC,53.429356,-1.358811,Rotherham Central
RMD,51.462505,-0.301346,Richmond
RMF,51.575016,0.181986,Romford
RML,53.414026,-2.089307,Romiley
RNF,53.51694,-2.789454,Rainford
RNH,53.417129,-2.766398,Rainhill
RNM,51.517449,0.190716,Rainham (Essex)
RNR,52.917828,1.299239,Roughton Road
ROB,53.410034,-2.855956,Roby
ROC,50.418911,-4.830658,Roche
ROE,51.50098,-0.05353,Rotherhithe
ROG,57.988979,-4.158224,Rogart
ROL,53.065536,-0.900095,Rolleston
ROM,50.992641,-1.492716,Romsey
ROO,54.115157,-3.19457,Roose
ROR,51.593413,-3.065478,Rogerstone
ROS,56.046055,-3.427114,Rosyth
ROW,52.477299,-2.030885,Rowley Regis
RRB,53.457916,-2.176173,Ryder Brow
RRN,55.887581,-4.172291,Robroyston
RSG,53.786686,-2.282282,Rose Grove
RSH,53.396176,-2.076502,Rose Hill Marple
RSN,55.8506,-2.1972,Reston
RTN,55.970566,-4.586181,Renton
RTR,51.384968,0.510698,Rochester
RUA,52.986935,-3.044214,Ruabon
RUE,53.326929,-2.665102,Runcorn East
RUF,53.634817,-2.806792,Rufford
RUG,52.378719,-1.249263,Rugby
RUN,53.338696,-2.73919,Runcorn
RUS,54.470367,-0.626664,Ruswarp
RUT,55.830448,-4.212766,Rutherglen
RVB,51.413803,-0.0069,Ravensbourne
RVN,53.675964,-1.653298,Ravensthorpe
RWC,53.688141,-0.961174,Rawcliffe
RYB,56.888184,-4.83645,Roy Bridge
RYD,50.733517,-1.159676,Ryde Esplanade
RYE,50.951916,0.730782,Rye
RYH,51.76881,0.005796,Rye House
RYN,51.775494,0.035088,Roydon
RYP,50.738914,-1.159578,Ryde Pier Head
RYR,50.72361,-1.157028,Ryde St Johns Road
RYS,52.053509,-0.026686,Royston
SAA,51.744675,-0.342422,St Albans Abbey
SAB,50.712822,-1.15721,Smallbrook Junction
SAC,51.748829,-0.326842,St Albans
SAD,52.508431,-2.011281,Sandwell & Dudley
SAE,53.838066,-1.790246,Saltaire
SAF,51.201412,-0.162096,Salfords
SAH,52.675083,1.391886,Salhouse
SAJ,51.468937,-0.023225,St Johns
SAL,51.070915,-1.805864,Salisbury
SAM,53.722675,-0.808765,Saltmarshe
SAN,50.657101,-1.162457,Sandown
SAR,51.513214,-2.696009,St Andrews Road
SAS,53.753383,-3.029662,St Annes-On-The-Sea
SAT,51.499813,-0.269697,South Acton
SAU,50.338863,-4.789557,St Austell
SAV,52.19376,-1.716148,Stratford-upon-Avon
SAW,51.814625,0.160177,Sawbridgeworth
SAX,52.215309,1.489965,Saxmundham
SAY,51.392727,0.16755,Swanley
SBE,53.999004,-1.501116,Starbeck
SBF,50.401241,-4.186661,St Budeaux Ferry Road
SBJ,52.447563,-2.133857,Stourbridge Junction
SBK,54.582375,-1.186112,South Bank
SBM,51.487446,-0.054101,South Bermondsey
SBP,51.543961,-0.275233,Stonebridge Park
SBR,56.889839,-4.920321,Spean Bridge
SBS,54.492465,-3.591263,St Bees
SBT,52.456539,-2.142716,Stourbridge Town
SBU,51.648396,-0.052998,Southbury
SBV,50.403008,-4.188144,St Budeaux Victoria Road
SBY,53.78336,-1.06355,Selby
SCA,54.2798,-0.405666,Scarborough
SCF,52.485241,-1.810006,Stechford
SCG,51.452053,0.263924,Stone Crossing
SCH,55.884491,-4.351765,Scotstounhill
SCR,50.399002,-4.94085,St Columb Road
SCS,50.627731,-3.447757,Starcross
SCT,58.482891,-3.553764,Scotscalder
SCU,53.58617,-0.650951,Scunthorpe
SCY,51.362194,-0.093903,South Croydon
SDA,51.330521,0.448864,Snodland
SDB,53.150113,-2.393528,Sandbach
SDC,51.523433,-0.075614,Shoreditch High Street
SDE,51.51093,-0.05743,Shadwell
SDF,51.722084,-4.718965,Saundersfoot
SDG,51.09021,1.065995,Sandling
SDH,51.558423,-0.336092,Sudbury Hill Harrow
SDL,53.430021,-2.9915,Sandhills
SDM,55.775532,-3.952944,Shieldmuir
SDN,50.921997,-1.3882,St Denys
SDP,50.386684,-4.464549,Sandplace
SDR,51.675751,-0.825626,Saunderton
SDW,51.269711,1.343208,Sandwich
SDY,52.124931,-0.28065,Sandy
SEA,54.836835,-1.341019,Seaham
SEB,54.929558,-1.38667,Seaburn
SEC,54.657959,-1.200106,Seaton Carew
SED,52.149517,0.139805,Shelford
SEE,50.831284,0.03066,Southease
SEF,50.772495,0.10045,Seaford
SEG,51.277817,0.940801,Selling
SEH,51.332092,0.187665,Shoreham (Kent)
SEJ,55.0755,-1.5372,Seaton Delaval
SEL,54.416571,-3.510293,Sellafield
SEM,54.241287,-0.416367,Seamer
SEN,52.638985,-1.844528,Shenstone
SER,50.171074,-5.443694,St Erth
SES,53.595234,-1.285286,South Elmsall
SET,54.066897,-2.280704,Settle
SEV,51.27734,0.182193,Sevenoaks
SFA,51.544306,-0.009882,Stratford International
SFD,53.482913,-2.254686,Salford Central
SFI,55.91993,-3.07872,Shawfair
SFL,53.466336,-3.005619,Seaforth & Litherland
SFN,52.666405,-2.371116,Shifnal
SFO,51.513634,0.422634,Stanford-Le-Hope
SFR,51.214264,-0.566789,Shalford
SGB,52.501826,-1.980632,Smethwick Galton Bridge
SGL,55.936951,-3.298234,South Gyle
SGM,50.394386,-4.308757,St Germans
SGN,51.533339,-0.336403,South Greenford
SGR,51.466957,0.189792,Slade Green
SHB,53.20369,-1.201995,Shirebrook
SHC,53.676158,-1.399346,Streethouse
SHD,54.626816,-1.637515,Shildon
SHE,50.94405,-2.513816,Sherborne
SHF,53.378639,-1.463297,Sheffield
SHH,51.484216,-2.679162,Shirehampton
SHI,51.51121,-0.882452,Shiplake
SHJ,53.433525,-2.699892,St Helens Junction
SHL,55.828987,-4.292521,Shawlands
SHM,52.94096,1.210195,Sheringham
SHN,50.633842,-1.179841,Shanklin
SHO,50.896687,-1.36436,Sholing
SHP,51.397091,-0.447521,Shepperton
SHR,52.711369,-2.74897,Shrewsbury
SHS,55.818302,-3.80024,Shotts
SHT,53.21352,-3.037728,Shotton
SHU,51.746029,-2.279516,Stonehouse
SHW,51.021488,-1.328428,Shawford
SHY,53.833553,-1.773558,Shipley
SIA,51.5687,0.704084,Southend Airport
SIC,54.225966,-3.334281,Silecroft
SID,51.434361,0.103342,Sidcup
SIE,53.797142,-1.23176,Sherburn-In-Elmet
SIH,51.389935,-0.199115,St Helier
SIL,52.731595,-1.109979,Sileby
SIN,55.907711,-4.405983,Singer
SIP,51.866131,-1.591864,Shipton
SIT,51.342201,0.733817,Sittingbourne
SIV,50.208759,-5.477247,St Ives
SJP,50.731094,-3.523202,St James' Park
SJS,51.580612,-0.032804,St James Street
SKE,51.660789,-3.847692,Skewen
SKG,53.143032,0.333926,Skegness
SKI,53.958691,-2.025878,Skipton
SKM,51.78772,-0.783575,Stoke Mandeville
SKN,50.422714,-4.462204,St Keyne
SKS,54.94635,-1.917227,Stocksfield
SKW,51.565079,-0.07244,Stoke Newington
SLA,55.926731,-3.243476,Slateford
SLB,54.583462,-0.974116,Saltburn
SLD,53.486462,-2.275715,Salford Crescent
SLH,54.46088,-0.66246,Sleights
SLK,53.537239,-1.560883,Silkstone Common
SLL,53.587158,-0.182581,Stallingborough
SLO,51.511921,-0.591803,Slough
SLQ,50.855942,0.560326,St Leonards Warrior Square
SLR,52.995274,-0.410174,Sleaford
SLS,55.852959,-4.159731,Shettleston
SLT,55.633648,-4.784804,Saltcoats
SLV,51.615364,-0.067415,Silver Street
SLW,53.781536,-2.817973,Salwick
SLY,52.441322,-1.936708,Selly Oak
SMA,52.46283,-1.858673,Small Heath
SMB,53.633266,-2.113394,Smithy Bridge
SMD,52.647358,-0.480474,Stamford
SMG,51.454689,-0.320352,St Margarets (London)
SMH,51.575035,-0.076343,Stamford Hill
SMK,52.190105,1.000662,Stowmarket
SML,51.480209,-2.649427,Sea Mills
SMN,51.660873,0.835397,Southminster
SMO,51.40353,-0.205764,South Merton
SMR,52.49632,-1.969885,Smethwick Rolfe Street
SMT,51.787773,0.000837,St Margarets (Herts)
SMY,51.394714,0.107269,St Mary Cray
SNA,53.664574,-1.485404,Sandal & Agbrigg
SND,51.34642,-0.803911,Sandhurst
SNE,52.90832,-2.154951,Stone
SNF,51.630615,0.330602,Shenfield
SNG,51.391312,-0.633135,Sunningdale
SNH,53.453117,-2.730328,St Helens Central
SNI,53.693192,-1.027678,Snaith
SNK,53.392452,-2.651094,Sankey for Penketh
SNL,51.363701,-0.247546,Stoneleigh
SNN,53.514822,-2.337384,Swinton (Manchester)
SNO,52.231438,-0.247244,St Neots
SNR,51.348694,-0.093017,Sanderstead
SNS,51.432873,-0.502415,Staines
SNT,53.277996,-2.841318,Stanlow & Thornton
SNW,50.875427,-1.265151,Swanwick
SNY,51.470451,-0.558781,Sunnymeads
SOA,50.950638,-1.36362,Southampton Airport Parkway
SOB,50.848343,-0.907601,Southbourne
SOC,51.536972,0.712305,Southend Central
SOE,51.539234,0.731196,Southend East
SOF,51.64957,0.606512,South Woodham Ferrers
SOG,51.020184,0.364016,Stonegate
SOH,51.541424,-0.178759,South Hampstead
SOI,55.691398,-2.857782,Stow
SOJ,52.33415,0.3277,Soham
SOK,51.56963,-0.308894,South Kenton
SOL,52.415081,-1.78972,Solihull
SOM,53.781994,-1.251772,South Milford
SON,53.900257,-1.946704,Steeton & Silsden
SOO,51.396,0.4998,Strood
SOP,53.646597,-3.002229,Southport
SOR,51.38327,0.376939,Sole Street
SOT,53.008012,-2.181119,Stoke-On-Trent
SOU,50.907742,-1.413983,Southampton Central
SOV,51.542389,0.711184,Southend Victoria
SOW,53.707886,-1.90756,Sowerby Bridge
SPA,52.788418,-0.156722,Spalding
SPB,51.506,-0.218,Shepherds Bush
SPF,56.295116,-3.051808,Springfield
SPH,51.188339,1.229952,Shepherds Well
SPI,53.339869,-2.993903,Spital
SPK,53.122108,-1.236385,Sutton Parkway
SPN,52.535057,1.086088,Spooner Row
SPO,52.912267,-1.410627,Spondon
SPP,52.430218,0.412299,Shippea Hill
SPR,55.881363,-4.230064,Springburn
SPS,55.890026,-4.147389,Stepps
SPT,53.4049,-2.162419,Stockport
SPU,51.171856,0.55061,Staplehurst
SPY,53.588913,-1.703863,Shepley
SQE,51.49279,0.048114,Surrey Quays
SQH,55.370633,-3.923437,Sanquhar
SQU,53.776756,-3.049403,Squires Gate
SRA,51.542358,-0.004175,Stratford (London)
SRC,51.418629,-0.136136,Streatham Common
SRD,51.468052,-2.565747,Stapleton Road
SRG,51.609524,-0.607809,Seer Green & Jordans
SRH,51.43829,-0.128136,Streatham Hill
SRI,52.44392,-1.83666,Spring Road
SRL,52.403473,-1.845632,Shirley
SRN,53.374932,-2.033544,Strines
SRO,53.32481,-1.16821,Shireoaks
SRR,51.540049,-3.589196,Sarn
SRS,51.392704,-0.089759,Selhurst
SRT,51.405548,0.002798,Shortlands
SRU,51.556742,-0.398812,South Ruislip
SRY,51.531414,0.795616,Shoeburyness
SSC,54.395351,-3.48476,Seascale
SSD,51.888979,0.26162,Stansted Airport
SSE,50.834358,-0.271709,Shoreham-By-Sea
SSM,53.594349,-1.723478,Stocksmoor
SSS,51.440559,0.758397,Sheerness-On-Sea
SST,51.901495,0.199642,Stansted Mountfitchet
STA,52.804466,-2.123088,Stafford
STC,57.422585,-5.429166,Strathcarron
STD,51.744358,-2.218673,Stroud
STE,51.425755,-0.131535,Streatham
STF,57.352688,-5.550702,Stromeferry
STG,56.119114,-3.934915,Stirling
STH,52.114567,0.031517,Shepreth
STJ,51.584629,-2.777917,Severn Tunnel Junction
STK,54.56971,-1.31784,Stockton
STL,51.505884,-0.378513,Southall
STM,53.375649,-2.952704,St Michaels
STN,56.966888,-2.225286,Stonehaven
STO,51.58036,-0.071788,South Tottenham
STP,51.531921,-0.126361,London St Pancras International
STQ,50.895035,-1.405778,Southampton Town Quay
STR,54.909626,-5.024806,Stranraer
STS,50.407108,-4.209449,Saltash
STT,55.681633,-4.519346,Stewarton
STU,51.301018,1.121644,Sturry
STV,55.633533,-4.749829,Stevenston
STW,51.439682,-0.339597,Strawberry Hill
STY,52.20642,-1.7307,Stratford-upon-Avon Parkway
STZ,54.91066,-1.38387,St Peters
SUC,51.375519,-0.196799,Sutton Common
SUD,51.554459,-0.316676,Sudbury & Harrow Road
SUG,52.082237,-3.686991,Sugar Loaf
SUM,55.89835,-4.283814,Summerston
SUN,54.90617,-1.382357,Sunderland
SUO,51.360126,-0.190223,Sutton (London)
SUP,51.413338,0.020402,Sundridge Park
SUR,51.392406,-0.303942,Surbiton
SUT,52.565269,-1.824404,Sutton Coldfield
SUU,51.418262,-0.416611,Sunbury
SUY,52.035591,0.735111,Sudbury (Suffolk)
SVB,51.559864,-2.664227,Severn Beach
SVG,51.899025,-0.206437,Stevenage
SVK,51.563992,0.096325,Seven Kings
SVL,54.375629,-2.818961,Staveley
SVR,54.169922,-2.804164,Silverdale
SVS,51.584007,-0.074521,Seven Sisters
SWA,51.625103,-3.941598,Swansea
SWD,53.168732,-0.702985,Swinderby
SWE,52.969593,-0.186255,Swineshead
SWG,50.941719,-1.376552,Swaythling
SWI,51.565437,-1.786448,Swindon
SWK,50.832928,-0.236254,Southwick
SWL,51.390434,0.748194,Swale
SWM,51.449356,0.309854,Swanscombe - George & Dragon
SWN,53.487484,-1.305195,Swinton (South Yorks)
SWO,51.214886,1.213187,Snowdown
SWR,52.06974,-0.520596,Stewartby
SWS,52.582451,-1.132918,South Wigston
SWT,53.624275,-1.87901,Slaithwaite
SWY,50.784454,-1.609864,Sway
SXY,53.267193,-0.664018,Saxilby
SYA,53.348137,-2.240313,Styal
SYB,53.484471,-2.06264,Stalybridge
SYD,51.427208,-0.055232,Sydenham
SYH,51.433002,-0.079444,Sydenham Hill
SYL,51.481735,-0.325116,Syon Lane
SYS,52.693111,-1.082611,Syston
SYT,52.509892,1.653333,Somerleyton
TAB,52.551022,-1.974899,Tame Bridge Parkway
TAC,51.88118,-1.297202,Tackley
TAD,51.29158,-0.235953,Tadworth
TAF,51.540848,-3.263129,Taffs Well
TAI,57.814651,-4.051826,Tain
TAL,52.904289,-4.068213,Talsarnau
TAM,52.63737,-1.687083,Tamworth
TAP,51.523528,-0.681474,Taplow
TAT,51.308765,-0.242456,Tattenham Corner
TAU,51.023613,-3.102146,Taunton
TAY,56.430714,-5.23868,Taynuilt
TBD,51.116863,-0.161162,Three Bridges
TBW,51.130119,0.262435,Tunbridge Wells
TBY,54.559734,-1.301006,Thornaby
TCR,51.5162,-0.1309,Tottenham Court Road
TDU,51.548492,-3.595064,Tondu
TEA,54.518147,-1.425305,Teesside Airport
TED,51.424294,-0.332965,Teddington
TEN,51.672897,-4.707348,Tenby
TEO,51.692162,-0.035216,Theobalds Grove
TEY,51.333248,0.807944,Teynham
TFC,52.678764,-2.440744,Telford Central
TGM,50.547993,-3.494712,Teignmouth
TGS,51.519104,-3.193341,Ty Glas
THA,51.39384,-1.243048,Thatcham
THB,55.810642,-4.312201,Thornliebank
THC,53.545033,-1.308775,Thurnscoe
THD,51.388424,-0.340027,Thames Ditton
THE,51.433395,-1.074968,Theale
THH,53.436585,-2.759419,Thatto Heath
THI,54.228489,-1.372573,Thirsk
THL,52.394798,-1.594357,Tile Hill
THO,50.911377,-2.57889,Thornford
THP,51.330843,1.361777,Thanet Parkway
THS,58.590092,-3.527548,Thurso
THT,55.767746,-4.250674,Thorntonhall
THU,53.02924,-0.962157,Thurgarton
THW,52.505165,-1.96313,The Hawthorns
TIL,51.462879,0.353724,Tilbury Town
TIP,52.53039,-2.065499,Tipton
TIR,51.72086,-3.246424,Tir-Phil
TIS,51.060257,-2.078456,Tisbury
TLB,52.772507,-4.097534,Talybont
TLC,53.228443,-3.818606,Tal-Y-Cafn
TLH,51.471333,-1.029754,Tilehurst
TLK,52.359436,-1.845782,The Lakes
TLS,51.847698,1.162258,Thorpe-Le-Soken
TMC,51.001083,-2.417532,Templecombe
TNA,53.653942,-0.323458,Thornton Abbey
TNF,52.613789,-4.123919,Tonfanau
TNN,53.616329,-0.972006,Thorne North
TNP,51.61961,-3.450216,Tonypandy
TNS,53.602707,-0.957227,Thorne South
TOD,53.713612,-2.099977,Todmorden
TOK,50.900658,0.612558,Three Oaks
TOL,51.37677,-0.280098,Tolworth
TOM,51.588257,-0.059914,Tottenham Hale
TON,51.191132,0.269715,Tonbridge
TOO,51.419914,-0.16053,Tooting
TOP,50.685989,-3.4637,Topsham
TOT,50.435623,-3.688317,Totnes
TPB,51.537586,0.762828,Thorpe Bay
TPC,53.123108,0.19982,Thorpe Culvert
TPN,51.647942,-3.485801,Ton Pentre
TQY,50.461014,-3.544095,Torquay
TRA,53.454899,-2.310836,Trafford Park
TRB,51.671577,-3.53575,Treherbert
TRD,51.71257,-3.346066,Troed-Y-Rhiw
TRE,51.568417,-3.2913,Trefforest Estate
TRF,51.591419,-3.325157,Trefforest
TRH,51.609661,-3.380569,Trehafod
TRI,51.800327,-0.622253,Tring
TRM,51.976509,1.318431,Trimley
TRN,55.543045,-4.654731,Troon
TRO,51.319954,-2.215222,Trowbridge
TRR,50.472664,-3.547292,Torre
TRS,52.249699,0.808347,Thurston
TRU,50.263603,-5.063017,Truro
TRY,51.657593,-3.504922,Treorchy
TTF,52.419384,0.744109,Thetford
TTH,51.399181,-0.100981,Thornton Heath
TTN,50.917953,-1.482138,Totton
TUH,51.439713,-0.10506,Tulse Hill
TUL,56.883984,-4.701509,Tulloch
TUR,51.673481,-0.047594,Turkey Street
TUT,52.864342,-1.682085,Tutbury & Hatton
TVP,50.917477,-3.359979,Tiverton Parkway
TWB,55.604394,-2.764936,Tweedbank
TWI,51.450321,-0.329136,Twickenham
TWN,53.542807,-2.9045,Town Green
TWY,51.475605,-0.86389,Twyford
TYC,53.222885,-4.476033,Ty Croes
TYG,52.893307,-4.079579,Tygwyn
TYL,56.433407,-4.714873,Tyndrum Lower
TYS,52.453819,-1.839568,Tyseley
TYW,52.584663,-4.092974,Tywyn
UCK,50.968651,0.095048,Uckfield
UDD,55.823669,-4.086266,Uddingston
UHA,55.919395,-3.499279,Uphall
UHL,51.563652,-0.129293,Upper Holloway
ULC,53.619457,-0.30063,Ulceby
ULL,53.85276,-1.215536,Ulleskelf
ULV,54.191872,-3.097327,Ulverston
UMB,50.996704,-3.982228,Umberleigh
UNI,52.451218,-1.936691,University (Birmingham)
UPH,51.413036,-0.429722,Upper Halliford
UPL,53.528192,-2.741346,Upholland
UPM,51.559307,0.251938,Upminster
UPT,53.385712,-3.084013,Upton
UPW,50.64838,-2.466731,Upwey
URM,53.448203,-2.35344,Urmston
UTT,52.897041,-1.857258,Uttoxeter
UTY,56.434551,-4.7036,Upper Tyndrum
UWL,51.307972,-0.077498,Upper Warlingham
VAL,53.281281,-4.563436,Valley
VIC,51.4966,-0.1448,London Victoria
VIR,51.401257,-0.562389,Virginia Water
VXH,51.485686,-0.124025,Vauxhall
WAC,53.391857,-2.592434,Warrington Central
WAD,51.07338,0.312483,Wadhurst
WAE,51.504513,-0.10814,London Waterloo East
WAF,55.942322,-3.013417,Wallyford
WAL,51.372364,-0.413873,Walton-On-Thames
WAM,51.203808,1.382819,Walmer
WAN,51.245129,-0.66756,Wanborough
WAO,53.456346,-2.965794,Walton (Merseyside)
WAR,51.808056,-0.028729,Ware
WAS,51.857201,-0.119521,Watton-At-Stone
WAT,51.501865,-0.111126,London Waterloo
WAV,53.405132,-2.922964,Wavertree Technology Park
WAW,53.393744,-2.636929,Warrington West
WBC,52.26268,0.196555,Waterbeach
WBD,53.698685,-1.159331,Whitley Bridge
WBL,50.853382,-0.967163,Warblington
WBO,51.409958,-0.214138,Wimbledon Chase
WBP,51.487289,-0.195265,West Brompton
WBQ,53.385509,-2.602871,Warrington Bank Quay
WBR,53.330402,-1.983448,Whaley Bridge
WBY,51.339394,-0.505468,West Byfleet
WCB,51.484428,0.017787,Westcombe Park
WCF,51.537437,0.692146,Westcliff
WCH,51.237358,-1.338183,Whitchurch (Hampshire)
WCK,58.441788,-3.097965,Wick
WCL,55.853848,-3.567045,West Calder
WCM,52.151421,1.398685,Wickham Market
WCP,51.381649,-0.245415,Worcester Park
WCR,55.790001,-4.310977,Whitecraigs
WCX,51.553993,-0.284958,Wembley Stadium
WCY,51.378517,-0.101844,West Croydon
WDB,52.089855,1.31807,Woodbridge
WDD,55.241428,-1.61623,Widdrington
WDE,52.344143,-1.844372,Wood End
WDH,53.364639,-1.358278,Woodhouse
WDL,55.931339,-4.655614,Woodhall
WDM,54.379745,-2.904339,Windermere
WDN,53.696056,-2.104719,Walsden
WDO,51.367062,-0.116688,Waddon
WDS,53.756969,-1.443328,Woodlesford
WDT,51.509827,-0.472515,West Drayton
WDU,51.440388,-0.090646,West Dulwich
WEA,51.513123,-0.320792,West Ealing
WED,52.951839,-2.171135,Wedgwood
WEE,51.852566,1.114661,Weeley
WEH,51.528709,0.005323,West Ham
WEL,52.303867,-0.676496,Wellingborough
WEM,52.856293,-2.718784,Wem
WES,55.905479,-4.335444,Westerton
WET,53.923813,-1.581206,Weeton
WEY,50.61515,-2.455103,Weymouth
WFF,55.852596,-4.022313,Whifflet
WFH,51.652743,-0.391656,Watford High Street
WFI,52.081417,1.167082,Westerfield
WFJ,51.663475,-0.396506,Watford Junction
WFL,53.105373,0.234774,Wainfleet
WFN,51.675087,-0.3903,Watford North
WGA,51.381386,1.338402,Westgate-On-Sea
WGC,51.800957,-0.203081,Welwyn Garden City
WGN,53.543564,-2.632287,Wigan North Western
WGR,51.548706,0.04514,Woodgrange Park
WGT,54.829365,-3.164373,Wigton
WGV,51.498217,-0.876589,Wargrave
WGW,53.545353,-2.633814,Wigan Wallgate
WHA,51.095444,1.037775,Westenhanger
WHC,51.583092,-0.019715,Walthamstow Central
WHD,51.54711,-0.191016,West Hampstead
WHE,53.824165,-2.412186,Whalley
WHG,53.555775,-2.523773,Westhoughton
WHI,51.358204,1.033577,Whitstable
WHL,51.604622,-0.070759,White Hart Lane
WHM,50.768253,-3.354243,Whimple
WHN,53.413932,-2.796407,Whiston
WHP,51.548644,-0.1924,West Hampstead Thameslink
WHR,51.56744,0.341807,West Horndon
WHS,51.303474,-0.077684,Whyteleafe South
WHT,51.520599,-3.222209,Whitchurch (Cardiff)
WHY,51.309834,-0.081725,Whyteleafe
WIA,52.581920,-2.054750,Willenhall
WIC,51.615025,0.519052,Wickford
WID,53.37849,-2.733556,Widnes
WIH,51.633896,-0.101314,Winchmore Hill
WIJ,51.5322,-0.2435,Willesden Junction
WIL,52.854069,-1.563356,Willington
WIM,51.421528,-0.206496,Wimbledon
WIN,51.067303,-1.320628,Winchester
WIV,51.855789,0.955116,Wivenhoe
WKB,55.696842,-4.851365,West Kilbride
WKD,53.520313,-2.395128,Walkden
WKF,53.681736,-1.506386,Wakefield Westgate
WKG,54.645061,-3.558626,Workington
WKI,53.373171,-3.183771,West Kirby
WKK,53.67897,-1.488254,Wakefield Kirkgate
WKM,51.411556,-0.842473,Wokingham
WLC,51.684834,-0.026846,Waltham Cross
WLD,50.85368,0.540303,West St Leonards
WLE,52.549522,-0.116602,Whittlesea
WLF,52.104092,0.165388,Whittlesford Parkway
WLG,53.428049,-3.06982,Wallasey Grove Road
WLI,51.464966,0.101872,Welling
WLM,55.79398,-4.290462,Williamwood
WLN,52.700928,-2.516438,Wellington (Shropshire)
WLO,53.474968,-3.025532,Waterloo (Merseyside)
WLP,52.656998,-3.141297,Welshpool
WLS,50.898556,-1.37713,Woolston
WLT,51.360424,-0.151431,Wallington
WLV,53.422695,-3.069901,Wallasey Village
WLW,51.824165,-0.191992,Welwyn North
WLY,53.429245,-2.093275,Woodley
WMA,51.291584,0.418098,West Malling
WMB,51.551468,-0.296592,Wembley Central
WMC,52.222618,-1.755493,Wilmcote
WMD,52.564804,1.11769,Wymondham
WME,51.31012,-0.154887,Woodmansterne
WMG,51.736324,-0.209989,Welham Green
WMI,51.520824,-3.579684,Wildmill
WML,53.326595,-2.225177,Wilmslow
WMN,51.206722,-2.177467,Warminster
WMR,52.396175,-1.773647,Widney Manor
WMS,55.876656,-4.888525,Wemyss Bay
WMW,51.581367,-0.024113,Walthamstow Queens Road
WNC,51.48275,-0.608806,Windsor & Eton Central
WND,51.76193,-0.747778,Wendover
WNE,52.610817,-1.679499,Wilnecote
WNF,51.284481,-0.90733,Winchfield
WNG,51.486366,-3.228492,Waun-Gron Park
WNH,51.0933,-0.329193,Warnham
WNL,55.938396,-4.746744,Whinhill
WNM,51.348579,-2.942236,Weston Milton
WNN,54.123531,-2.587517,Wennington
WNP,51.551746,0.025089,Wanstead Park
WNR,51.486309,-0.605804,Windsor & Eton Riverside
WNS,51.430779,-0.87795,Winnersh
WNT,51.460812,-0.187679,Wandsworth Town
WNW,51.431583,-0.102517,West Norwood
WNY,51.839069,0.596874,White Notley
WOB,52.01817,-0.654073,Woburn Sands
WOF,52.194801,-2.220885,Worcester Foregate Street
WOH,51.289547,-0.051013,Woldingham
WOK,51.31847,-0.557814,Woking
WOL,52.064861,-0.80377,Wolverton
WOM,53.517754,-1.417811,Wombwell
WON,51.846603,1.268192,Walton-On-The-Naze
WOO,50.68148,-2.220775,Wool
WOP,52.15622,-2.1597,Worcestershire Parkway
WOR,51.357995,-2.909703,Worle
WOS,52.194817,-2.210642,Worcester Shrub Hill
WPE,51.50372,-0.05629,Wapping
WPL,51.288189,-0.581705,Worplesdon
WRB,51.939228,1.17014,Wrabness
WRE,53.019311,-2.596089,Wrenbury
WRH,50.818768,-0.375924,Worthing
WRK,53.311005,-1.123444,Worksop
WRL,54.883308,-2.833897,Wetheral
WRM,50.692425,-2.114646,Wareham
WRN,52.935497,1.245516,West Runton
WRP,52.286268,-1.613493,Warwick Parkway
WRS,53.773212,-0.924169,Wressle
WRT,52.777256,1.404282,Worstead
WRU,51.569708,-0.437812,West Ruislip
WRW,52.286861,-1.582155,Warwick
WRX,53.05022,-3.002467,Wrexham General
WRY,51.457661,-0.541906,Wraysbury
WSA,53.36912,-2.907,West Allerton
WSB,51.26693,-2.199202,Westbury
WSE,50.933716,0.701241,Winchelsea
WSF,53.190505,-2.494669,Winsford
WSH,55.772346,-3.927267,Wishaw
WSL,52.584282,-1.98521,Walsall
WSM,51.34454,-2.972301,Weston-Super-Mare
WSR,53.386055,-2.1413,Woodsmoor
WST,51.587284,-0.00221,Wood Street
WSU,51.365734,-0.20437,West Sutton
WSW,51.446072,-0.165239,Wandsworth Common
WTA,55.913727,-3.284654,Wester Hailes
WTB,54.484615,-0.615376,Whitby
WTC,52.968048,-2.671497,Whitchurch (Shropshire)
WTE,52.3918,-1.851545,Whitlocks End
WTG,52.672703,0.382736,Watlington
WTH,54.552864,-3.586843,Whitehaven
WTI,51.437233,-0.895052,Winnersh Triangle
WTL,51.817989,-4.614454,Whitland
WTM,51.805702,0.641373,Witham
WTN,51.447109,-0.356607,Whitton
WTO,52.518379,-1.743538,Water Orton
WTR,51.249214,0.423039,Wateringbury
WTS,53.083076,-1.504312,Whatstandwell
WTT,52.51141,-1.883566,Witton
WTY,51.133362,-0.645059,Witley
WVF,50.964249,-0.121633,Wivelsfield
WVH,52.587818,-2.119529,Wolverhampton
WWA,51.489815,0.069883,Woolwich Arsenal
WWC,51.491578,0.071819,Woolwich
WWD,51.49099,0.054083,Woolwich Dockyard
WWI,51.381577,-0.015495,West Wickham
WWL,53.280987,-1.20055,Whitwell
WWO,50.818111,-0.392983,West Worthing
WWR,51.470829,-0.138332,Wandsworth Road
WWW,52.265831,-1.784561,Wootton Wawen
WXC,53.044876,-2.996385,Wrexham Central
WYB,51.361248,-0.457352,Weybridge
WYE,51.185463,0.929188,Wye
WYL,52.545599,-1.831461,Wylde Green
WYM,54.974991,-1.814058,Wylam
WYT,52.380131,-1.866284,Wythall
YAE,51.540554,-2.432541,Yate
YAL,51.226067,0.4118,Yalding
YAT,51.390965,-2.827815,Yatton
YEO,50.77684,-3.726109,Yeoford
YET,50.896114,-2.573004,Yetminster
YNW,51.668095,-3.526959,Ynyswen
YOK,55.892792,-4.387464,Yoker
YRD,52.421478,-1.854396,Yardley Wood
YRK,53.957966,-1.093159,York
YRM,54.506115,-1.35597,Yarm
YRT,52.809009,-2.73645,Yorton
YSM,51.640884,-3.241342,Ystrad Mynach
YSR,51.644478,-3.47557,Ystrad Rhondda
YVJ,50.924686,-2.613198,Yeovil Junction
YVP,50.944466,-2.613461,Yeovil Pen Mill
ZCW,51.49823,-0.05076,Canada Water
ZFD,51.520071,-0.104665,Farringdon
ZLW,51.519091,-0.061404,Whitechapel
